ID,Label
1,17
2,89
3,38
4,97
5,52
6,76
7,5
8,16
9,29
10,48
11,23
12,35
13,19
14,27
15,89
16,59
17,38
18,72
19,41
20,88
21,95
22,1
23,36
24,56
25,51
26,43
27,43
28,46
29,10
30,58
31,19
32,76
33,54
34,2
35,48
36,22
37,69
38,98
39,59
40,6
41,33
42,85
43,65
44,41
45,47
46,75
47,74
48,93
49,27
50,50
51,98
52,90
53,39
54,19
55,34
56,94
57,73
58,43
59,44
60,71
61,78
62,88
63,86
64,99
65,58
66,8
67,10
68,3
69,47
70,68
71,67
72,90
73,15
74,23
75,6
76,82
77,20
78,62
79,40
80,18
81,28
82,46
83,25
84,13
85,54
86,43
87,96
88,53
89,55
90,93
91,42
92,92
93,15
94,63
95,22
96,7
97,71
98,49
99,24
100,37
101,60
102,9
103,68
104,84
105,44
106,34
107,91
108,49
109,62
110,46
111,43
112,3
113,97
114,24
115,83
116,86
117,11
118,65
119,60
120,46
121,22
122,23
123,42
124,13
125,72
126,21
127,59
128,52
129,100
130,86
131,31
132,17
133,63
134,76
135,64
136,74
137,55
138,41
139,75
140,34
141,62
142,1
143,96
144,44
145,35
146,53
147,10
148,79
149,22
150,86
151,32
152,33
153,76
154,93
155,83
156,16
157,1
158,83
159,59
160,52
161,96
162,89
163,43
164,36
165,15
166,24
167,39
168,57
169,67
170,1
171,99
172,98
173,95
174,69
175,5
176,32
177,46
178,79
179,28
180,88
181,19
182,75
183,24
184,18
185,69
186,80
187,26
188,99
189,88
190,21
191,92
192,97
193,4
194,69
195,25
196,65
197,70
198,18
199,44
200,90
201,14
202,64
203,58
204,20
205,43
206,22
207,65
208,76
209,43
210,77
211,37
212,89
213,90
214,90
215,61
216,16
217,31
218,79
219,84
220,89
221,28
222,73
223,61
224,83
225,88
226,100
227,27
228,32
229,7
230,54
231,63
232,13
233,41
234,13
235,62
236,92
237,75
238,85
239,70
240,27
241,81
242,94
243,51
244,33
245,84
246,95
247,26
248,97
249,69
250,88
251,88
252,55
253,74
254,37
255,9
256,10
257,89
258,76
259,27
260,35
261,97
262,49
263,97
264,40
265,38
266,49
267,50
268,8
269,46
270,72
271,1
272,22
273,82
274,11
275,12
276,96
277,78
278,80
279,89
280,91
281,19
282,44
283,95
284,62
285,61
286,97
287,60
288,58
289,6
290,53
291,96
292,35
293,33
294,5
295,33
296,37
297,77
298,7
299,94
300,25
301,38
302,66
303,60
304,33
305,30
306,57
307,80
308,13
309,58
310,65
311,93
312,28
313,96
314,55
315,90
316,89
317,26
318,47
319,38
320,8
321,41
322,91
323,48
324,17
325,25
326,35
327,96
328,51
329,9
330,30
331,92
332,88
333,83
334,1
335,11
336,46
337,23
338,46
339,14
340,57
341,20
342,63
343,99
344,7
345,22
346,38
347,19
348,61
349,30
350,64
351,71
352,28
353,36
354,85
355,95
356,67
357,8
358,62
359,63
360,77
361,42
362,46
363,22
364,49
365,93
366,82
367,29
368,66
369,4
370,75
371,7
372,17
373,76
374,76
375,32
376,80
377,9
378,98
379,2
380,37
381,21
382,24
383,17
384,100
385,27
386,35
387,49
388,42
389,10
390,50
391,28
392,31
393,3
394,58
395,51
396,74
397,89
398,53
399,12
400,54
401,60
402,37
403,42
404,49
405,92
406,59
407,19
408,100
409,33
410,42
411,90
412,88
413,68
414,38
415,84
416,89
417,98
418,18
419,8
420,24
421,47
422,25
423,15
424,94
425,49
426,44
427,55
428,64
429,71
430,95
431,34
432,18
433,25
434,4
435,25
436,66
437,35
438,91
439,74
440,54
441,58
442,56
443,64
444,55
445,93
446,17
447,18
448,11
449,79
450,41
451,23
452,78
453,51
454,16
455,50
456,61
457,10
458,58
459,77
460,57
461,50
462,1
463,1
464,53
465,63
466,67
467,32
468,65
469,26
470,53
471,72
472,56
473,45
474,49
475,56
476,43
477,59
478,2
479,65
480,22
481,37
482,20
483,89
484,82
485,13
486,83
487,12
488,68
489,28
490,86
491,66
492,9
493,75
494,31
495,44
496,95
497,30
498,8
499,24
500,80
501,25
502,8
503,38
504,53
505,35
506,20
507,2
508,21
509,86
510,23
511,32
512,69
513,18
514,67
515,2
516,3
517,41
518,77
519,72
520,89
521,100
522,38
523,15
524,50
525,87
526,8
527,80
528,60
529,6
530,63
531,100
532,81
533,51
534,49
535,43
536,5
537,35
538,71
539,58
540,44
541,40
542,1
543,22
544,75
545,81
546,48
547,44
548,97
549,78
550,70
551,54
552,64
553,36
554,34
555,99
556,73
557,83
558,85
559,77
560,13
561,53
562,97
563,61
564,65
565,82
566,37
567,50
568,82
569,64
570,18
571,74
572,93
573,59
574,69
575,28
576,10
577,90
578,62
579,21
580,37
581,4
582,44
583,28
584,88
585,24
586,23
587,79
588,29
589,83
590,84
591,33
592,98
593,39
594,51
595,74
596,9
597,87
598,84
599,32
600,99
601,29
602,8
603,55
604,73
605,40
606,86
607,88
608,22
609,70
610,84
611,28
612,46
613,61
614,32
615,33
616,12
617,76
618,1
619,42
620,6
621,49
622,14
623,28
624,74
625,64
626,44
627,10
628,22
629,95
630,49
631,44
632,81
633,13
634,83
635,16
636,72
637,1
638,75
639,14
640,67
641,9
642,90
643,50
644,5
645,30
646,52
647,77
648,37
649,93
650,91
651,92
652,42
653,47
654,4
655,53
656,75
657,7
658,95
659,98
660,34
661,26
662,48
663,32
664,89
665,61
666,25
667,20
668,65
669,84
670,88
671,35
672,32
673,29
674,20
675,53
676,91
677,68
678,32
679,55
680,25
681,78
682,70
683,70
684,82
685,45
686,26
687,63
688,67
689,10
690,28
691,35
692,86
693,96
694,51
695,10
696,18
697,23
698,54
699,95
700,54
701,73
702,99
703,24
704,87
705,43
706,9
707,7
708,87
709,80
710,80
711,13
712,48
713,78
714,75
715,81
716,10
717,83
718,40
719,58
720,34
721,10
722,96
723,52
724,74
725,65
726,63
727,37
728,32
729,12
730,80
731,66
732,49
733,75
734,19
735,82
736,70
737,38
738,28
739,52
740,24
741,56
742,7
743,31
744,69
745,72
746,21
747,2
748,39
749,43
750,23
751,14
752,60
753,50
754,44
755,92
756,90
757,77
758,88
759,92
760,84
761,46
762,79
763,47
764,84
765,100
766,61
767,98
768,62
769,69
770,5
771,4
772,55
773,48
774,85
775,24
776,30
777,76
778,11
779,1
780,100
781,49
782,53
783,23
784,33
785,18
786,85
787,37
788,95
789,77
790,15
791,72
792,47
793,67
794,77
795,10
796,68
797,89
798,25
799,60
800,95
801,90
802,34
803,37
804,41
805,9
806,66
807,79
808,6
809,66
810,89
811,24
812,1
813,28
814,73
815,29
816,83
817,22
818,58
819,78
820,8
821,68
822,91
823,98
824,63
825,64
826,7
827,16
828,98
829,62
830,31
831,87
832,88
833,60
834,45
835,54
836,25
837,31
838,84
839,33
840,53
841,34
842,24
843,21
844,6
845,85
846,70
847,52
848,84
849,92
850,74
851,79
852,74
853,86
854,19
855,14
856,95
857,91
858,44
859,63
860,64
861,80
862,56
863,54
864,6
865,53
866,34
867,35
868,76
869,69
870,3
871,13
872,42
873,73
874,100
875,61
876,2
877,36
878,7
879,53
880,75
881,39
882,96
883,11
884,52
885,64
886,18
887,82
888,52
889,36
890,83
891,46
892,60
893,94
894,59
895,55
896,47
897,76
898,29
899,28
900,37
901,40
902,10
903,4
904,57
905,88
906,25
907,99
908,21
909,2
910,100
911,52
912,7
913,72
914,11
915,56
916,47
917,97
918,34
919,60
920,89
921,98
922,50
923,55
924,44
925,91
926,83
927,27
928,4
929,75
930,46
931,92
932,1
933,49
934,83
935,96
936,29
937,85
938,67
939,57
940,32
941,81
942,33
943,63
944,61
945,82
946,74
947,40
948,78
949,45
950,41
951,8
952,98
953,90
954,74
955,54
956,37
957,2
958,14
959,43
960,24
961,96
962,56
963,6
964,95
965,95
966,86
967,12
968,69
969,42
970,89
971,92
972,44
973,35
974,18
975,25
976,15
977,8
978,12
979,48
980,84
981,78
982,73
983,62
984,49
985,97
986,61
987,50
988,1
989,64
990,33
991,74
992,31
993,1
994,5
995,61
996,38
997,93
998,36
999,27
1000,55
1001,71
1002,47
1003,70
1004,28
1005,6
1006,19
1007,43
1008,92
1009,58
1010,82
1011,53
1012,34
1013,25
1014,27
1015,58
1016,67
1017,57
1018,38
1019,35
1020,77
1021,61
1022,98
1023,42
1024,75
1025,40
1026,7
1027,31
1028,80
1029,34
1030,76
1031,19
1032,72
1033,97
1034,78
1035,28
1036,100
1037,82
1038,24
1039,52
1040,33
1041,84
1042,32
1043,90
1044,74
1045,89
1046,14
1047,54
1048,49
1049,54
1050,36
1051,3
1052,63
1053,47
1054,96
1055,11
1056,47
1057,56
1058,77
1059,95
1060,86
1061,31
1062,42
1063,8
1064,83
1065,37
1066,33
1067,82
1068,5
1069,7
1070,49
1071,91
1072,63
1073,28
1074,51
1075,38
1076,1
1077,11
1078,39
1079,70
1080,54
1081,56
1082,32
1083,23
1084,95
1085,87
1086,26
1087,68
1088,44
1089,80
1090,8
1091,96
1092,75
1093,66
1094,5
1095,12
1096,43
1097,57
1098,60
1099,33
1100,16
1101,95
1102,38
1103,74
1104,37
1105,39
1106,3
1107,82
1108,68
1109,62
1110,87
1111,98
1112,34
1113,46
1114,61
1115,87
1116,70
1117,32
1118,20
1119,89
1120,13
1121,1
1122,50
1123,44
1124,62
1125,33
1126,70
1127,90
1128,88
1129,82
1130,15
1131,73
1132,14
1133,57
1134,20
1135,29
1136,81
1137,79
1138,63
1139,72
1140,43
1141,32
1142,73
1143,90
1144,21
1145,31
1146,68
1147,67
1148,75
1149,56
1150,45
1151,58
1152,51
1153,13
1154,45
1155,97
1156,29
1157,69
1158,72
1159,6
1160,55
1161,49
1162,58
1163,85
1164,5
1165,15
1166,27
1167,43
1168,76
1169,8
1170,38
1171,48
1172,57
1173,59
1174,96
1175,93
1176,86
1177,54
1178,22
1179,30
1180,97
1181,17
1182,28
1183,85
1184,53
1185,84
1186,17
1187,49
1188,83
1189,49
1190,41
1191,93
1192,52
1193,7
1194,98
1195,61
1196,14
1197,16
1198,80
1199,8
1200,38
1201,27
1202,42
1203,2
1204,12
1205,76
1206,1
1207,100
1208,66
1209,99
1210,7
1211,17
1212,15
1213,93
1214,78
1215,74
1216,53
1217,17
1218,88
1219,95
1220,64
1221,9
1222,54
1223,43
1224,45
1225,86
1226,76
1227,61
1228,87
1229,21
1230,4
1231,57
1232,37
1233,20
1234,69
1235,90
1236,36
1237,30
1238,56
1239,25
1240,90
1241,80
1242,75
1243,37
1244,61
1245,40
1246,12
1247,38
1248,62
1249,39
1250,22
1251,43
1252,52
1253,36
1254,9
1255,70
1256,31
1257,65
1258,63
1259,54
1260,48
1261,51
1262,53
1263,23
1264,19
1265,34
1266,49
1267,32
1268,58
1269,68
1270,46
1271,57
1272,83
1273,57
1274,40
1275,22
1276,26
1277,66
1278,41
1279,69
1280,72
1281,92
1282,42
1283,16
1284,44
1285,77
1286,77
1287,22
1288,90
1289,77
1290,38
1291,78
1292,52
1293,89
1294,45
1295,54
1296,68
1297,70
1298,50
1299,33
1300,92
1301,37
1302,32
1303,49
1304,69
1305,25
1306,82
1307,89
1308,78
1309,17
1310,97
1311,60
1312,44
1313,10
1314,30
1315,22
1316,40
1317,93
1318,76
1319,11
1320,44
1321,42
1322,3
1323,27
1324,43
1325,21
1326,67
1327,95
1328,19
1329,50
1330,55
1331,26
1332,73
1333,25
1334,84
1335,35
1336,18
1337,85
1338,70
1339,81
1340,48
1341,88
1342,1
1343,84
1344,20
1345,19
1346,28
1347,85
1348,22
1349,52
1350,49
1351,52
1352,4
1353,4
1354,57
1355,80
1356,43
1357,46
1358,12
1359,66
1360,75
1361,33
1362,77
1363,55
1364,51
1365,82
1366,54
1367,9
1368,24
1369,54
1370,64
1371,59
1372,20
1373,68
1374,12
1375,18
1376,95
1377,63
1378,63
1379,83
1380,1
1381,96
1382,2
1383,99
1384,10
1385,61
1386,92
1387,72
1388,13
1389,30
1390,65
1391,62
1392,77
1393,40
1394,37
1395,57
1396,14
1397,28
1398,68
1399,98
1400,74
1401,28
1402,83
1403,53
1404,23
1405,52
1406,73
1407,44
1408,32
1409,49
1410,19
1411,38
1412,17
1413,80
1414,13
1415,10
1416,46
1417,70
1418,15
1419,65
1420,92
1421,39
1422,44
1423,28
1424,80
1425,44
1426,72
1427,54
1428,46
1429,13
1430,59
1431,27
1432,50
1433,89
1434,6
1435,6
1436,68
1437,1
1438,81
1439,97
1440,49
1441,75
1442,50
1443,21
1444,86
1445,91
1446,66
1447,36
1448,29
1449,37
1450,81
1451,51
1452,77
1453,89
1454,24
1455,86
1456,90
1457,82
1458,52
1459,62
1460,88
1461,67
1462,22
1463,87
1464,96
1465,70
1466,34
1467,63
1468,17
1469,55
1470,58
1471,27
1472,69
1473,15
1474,94
1475,71
1476,9
1477,37
1478,2
1479,61
1480,69
1481,7
1482,51
1483,95
1484,10
1485,85
1486,98
1487,96
1488,8
1489,77
1490,18
1491,7
1492,57
1493,79
1494,25
1495,14
1496,16
1497,64
1498,2
1499,71
1500,84
1501,57
1502,80
1503,85
1504,28
1505,41
1506,3
1507,8
1508,83
1509,41
1510,77
1511,84
1512,45
1513,77
1514,83
1515,88
1516,16
1517,58
1518,5
1519,28
1520,43
1521,36
1522,79
1523,76
1524,90
1525,2
1526,97
1527,97
1528,54
1529,94
1530,45
1531,50
1532,92
1533,88
1534,55
1535,92
1536,7
1537,98
1538,68
1539,89
1540,42
1541,33
1542,18
1543,79
1544,55
1545,81
1546,25
1547,34
1548,4
1549,62
1550,5
1551,74
1552,40
1553,95
1554,19
1555,80
1556,90
1557,42
1558,48
1559,9
1560,36
1561,28
1562,11
1563,1
1564,72
1565,21
1566,76
1567,6
1568,72
1569,52
1570,30
1571,37
1572,72
1573,37
1574,4
1575,39
1576,59
1577,3
1578,2
1579,22
1580,68
1581,92
1582,58
1583,58
1584,70
1585,31
1586,86
1587,41
1588,71
1589,22
1590,44
1591,27
1592,71
1593,66
1594,91
1595,1
1596,35
1597,21
1598,51
1599,13
1600,69
1601,76
1602,92
1603,36
1604,6
1605,3
1606,22
1607,58
1608,95
1609,62
1610,25
1611,40
1612,94
1613,100
1614,75
1615,63
1616,98
1617,95
1618,76
1619,85
1620,89
1621,61
1622,29
1623,2
1624,28
1625,59
1626,41
1627,7
1628,69
1629,21
1630,84
1631,66
1632,53
1633,3
1634,24
1635,54
1636,51
1637,42
1638,86
1639,40
1640,77
1641,39
1642,64
1643,87
1644,54
1645,72
1646,55
1647,25
1648,36
1649,46
1650,92
1651,26
1652,4
1653,61
1654,94
1655,18
1656,19
1657,34
1658,24
1659,83
1660,43
1661,35
1662,23
1663,34
1664,68
1665,87
1666,47
1667,13
1668,65
1669,3
1670,10
1671,89
1672,21
1673,82
1674,79
1675,38
1676,57
1677,78
1678,31
1679,3
1680,74
1681,20
1682,8
1683,80
1684,58
1685,70
1686,35
1687,32
1688,57
1689,93
1690,17
1691,59
1692,50
1693,81
1694,82
1695,17
1696,18
1697,5
1698,90
1699,69
1700,82
1701,97
1702,87
1703,55
1704,10
1705,33
1706,64
1707,21
1708,77
1709,93
1710,59
1711,62
1712,82
1713,28
1714,19
1715,72
1716,99
1717,74
1718,12
1719,44
1720,69
1721,54
1722,1
1723,73
1724,5
1725,50
1726,3
1727,42
1728,66
1729,20
1730,81
1731,39
1732,4
1733,43
1734,65
1735,36
1736,11
1737,14
1738,83
1739,48
1740,26
1741,86
1742,49
1743,7
1744,87
1745,13
1746,67
1747,37
1748,95
1749,8
1750,98
1751,85
1752,42
1753,98
1754,55
1755,14
1756,71
1757,20
1758,22
1759,6
1760,32
1761,40
1762,24
1763,21
1764,80
1765,91
1766,88
1767,69
1768,100
1769,28
1770,95
1771,47
1772,46
1773,63
1774,53
1775,24
1776,90
1777,3
1778,76
1779,70
1780,79
1781,61
1782,77
1783,98
1784,17
1785,86
1786,13
1787,32
1788,25
1789,72
1790,86
1791,18
1792,83
1793,29
1794,2
1795,20
1796,41
1797,15
1798,64
1799,91
1800,46
1801,14
1802,71
1803,82
1804,46
1805,46
1806,16
1807,13
1808,27
1809,95
1810,72
1811,14
1812,40
1813,17
1814,44
1815,19
1816,57
1817,32
1818,3
1819,87
1820,3
1821,77
1822,18
1823,54
1824,61
1825,56
1826,6
1827,70
1828,74
1829,96
1830,76
1831,100
1832,68
1833,85
1834,77
1835,8
1836,83
1837,54
1838,76
1839,10
1840,30
1841,80
1842,49
1843,27
1844,24
1845,44
1846,85
1847,42
1848,71
1849,73
1850,70
1851,44
1852,39
1853,82
1854,94
1855,62
1856,13
1857,21
1858,2
1859,28
1860,80
1861,50
1862,22
1863,43
1864,42
1865,9
1866,47
1867,47
1868,24
1869,2
1870,95
1871,94
1872,53
1873,24
1874,92
1875,11
1876,45
1877,86
1878,64
1879,88
1880,52
1881,41
1882,18
1883,83
1884,82
1885,55
1886,40
1887,76
1888,5
1889,36
1890,80
1891,9
1892,97
1893,41
1894,15
1895,90
1896,95
1897,31
1898,48
1899,65
1900,48
1901,79
1902,30
1903,34
1904,83
1905,66
1906,19
1907,6
1908,1
1909,91
1910,27
1911,80
1912,3
1913,60
1914,32
1915,53
1916,27
1917,60
1918,95
1919,86
1920,91
1921,13
1922,12
1923,4
1924,4
1925,64
1926,4
1927,92
1928,87
1929,75
1930,61
1931,72
1932,77
1933,28
1934,44
1935,62
1936,76
1937,24
1938,40
1939,43
1940,61
1941,25
1942,79
1943,34
1944,63
1945,80
1946,48
1947,35
1948,98
1949,96
1950,7
1951,68
1952,82
1953,72
1954,54
1955,53
1956,55
1957,33
1958,85
1959,24
1960,3
1961,99
1962,74
1963,35
1964,67
1965,36
1966,70
1967,62
1968,55
1969,24
1970,88
1971,31
1972,96
1973,38
1974,59
1975,8
1976,21
1977,44
1978,62
1979,9
1980,85
1981,25
1982,69
1983,42
1984,67
1985,70
1986,46
1987,9
1988,81
1989,59
1990,22
1991,30
1992,84
1993,63
1994,85
1995,98
1996,29
1997,82
1998,23
1999,13
2000,70
2001,63
2002,8
2003,72
2004,95
2005,28
2006,100
2007,52
2008,93
2009,55
2010,77
2011,90
2012,81
2013,5
2014,25
2015,56
2016,89
2017,75
2018,14
2019,8
2020,68
2021,43
2022,39
2023,3
2024,71
2025,2
2026,60
2027,54
2028,73
2029,26
2030,55
2031,16
2032,37
2033,19
2034,69
2035,53
2036,24
2037,24
2038,14
2039,89
2040,59
2041,21
2042,33
2043,15
2044,88
2045,98
2046,34
2047,46
2048,88
2049,21
2050,43
2051,14
2052,9
2053,69
2054,50
2055,48
2056,50
2057,67
2058,96
2059,30
2060,18
2061,90
2062,2
2063,67
2064,13
2065,64
2066,79
2067,79
2068,54
2069,74
2070,10
2071,1
2072,61
2073,84
2074,65
2075,19
2076,29
2077,28
2078,99
2079,44
2080,98
2081,45
2082,61
2083,71
2084,60
2085,13
2086,32
2087,31
2088,29
2089,22
2090,70
2091,88
2092,20
2093,17
2094,31
2095,62
2096,24
2097,31
2098,18
2099,82
2100,19
2101,6
2102,78
2103,38
2104,24
2105,98
2106,42
2107,99
2108,78
2109,68
2110,32
2111,88
2112,57
2113,48
2114,76
2115,96
2116,30
2117,56
2118,76
2119,31
2120,4
2121,69
2122,57
2123,34
2124,17
2125,27
2126,83
2127,60
2128,64
2129,41
2130,66
2131,27
2132,1
2133,79
2134,59
2135,69
2136,90
2137,43
2138,9
2139,39
2140,51
2141,42
2142,39
2143,62
2144,19
2145,63
2146,85
2147,93
2148,10
2149,31
2150,60
2151,62
2152,97
2153,50
2154,37
2155,65
2156,20
2157,14
2158,26
2159,25
2160,58
2161,58
2162,71
2163,20
2164,71
2165,55
2166,44
2167,83
2168,59
2169,91
2170,69
2171,33
2172,94
2173,29
2174,9
2175,8
2176,16
2177,96
2178,80
2179,76
2180,43
2181,18
2182,54
2183,24
2184,42
2185,5
2186,80
2187,63
2188,94
2189,84
2190,95
2191,80
2192,7
2193,53
2194,25
2195,40
2196,21
2197,28
2198,32
2199,31
2200,75
2201,65
2202,90
2203,70
2204,98
2205,27
2206,95
2207,68
2208,20
2209,54
2210,91
2211,7
2212,60
2213,30
2214,9
2215,57
2216,88
2217,38
2218,26
2219,56
2220,8
2221,44
2222,29
2223,32
2224,58
2225,24
2226,75
2227,80
2228,81
2229,83
2230,79
2231,10
2232,93
2233,14
2234,82
2235,69
2236,76
2237,64
2238,78
2239,66
2240,46
2241,100
2242,51
2243,48
2244,18
2245,29
2246,68
2247,84
2248,32
2249,12
2250,89
2251,87
2252,10
2253,90
2254,22
2255,58
2256,22
2257,87
2258,94
2259,53
2260,64
2261,63
2262,37
2263,61
2264,39
2265,17
2266,89
2267,34
2268,47
2269,16
2270,31
2271,85
2272,4
2273,1
2274,67
2275,96
2276,43
2277,61
2278,31
2279,92
2280,2
2281,88
2282,21
2283,31
2284,37
2285,85
2286,42
2287,12
2288,34
2289,76
2290,28
2291,68
2292,23
2293,49
2294,84
2295,73
2296,92
2297,21
2298,55
2299,9
2300,55
2301,34
2302,62
2303,23
2304,7
2305,82
2306,46
2307,92
2308,72
2309,84
2310,98
2311,61
2312,98
2313,53
2314,27
2315,36
2316,94
2317,69
2318,47
2319,55
2320,83
2321,29
2322,8
2323,14
2324,85
2325,57
2326,43
2327,60
2328,60
2329,74
2330,28
2331,90
2332,22
2333,27
2334,49
2335,53
2336,70
2337,18
2338,54
2339,40
2340,3
2341,92
2342,39
2343,21
2344,90
2345,65
2346,44
2347,63
2348,84
2349,6
2350,58
2351,40
2352,94
2353,67
2354,25
2355,59
2356,2
2357,33
2358,46
2359,31
2360,20
2361,74
2362,88
2363,50
2364,19
2365,45
2366,91
2367,43
2368,36
2369,1
2370,95
2371,17
2372,35
2373,45
2374,44
2375,20
2376,54
2377,4
2378,12
2379,49
2380,25
2381,54
2382,72
2383,28
2384,56
2385,10
2386,58
2387,42
2388,15
2389,75
2390,97
2391,48
2392,30
2393,21
2394,7
2395,32
2396,6
2397,26
2398,33
2399,29
2400,80
2401,47
2402,1
2403,35
2404,72
2405,87
2406,70
2407,35
2408,47
2409,26
2410,63
2411,16
2412,4
2413,42
2414,46
2415,40
2416,19
2417,12
2418,72
2419,15
2420,71
2421,20
2422,32
2423,54
2424,92
2425,43
2426,98
2427,100
2428,25
2429,83
2430,44
2431,89
2432,63
2433,69
2434,70
2435,20
2436,4
2437,18
2438,97
2439,22
2440,90
2441,97
2442,21
2443,1
2444,81
2445,1
2446,76
2447,84
2448,43
2449,51
2450,91
2451,7
2452,41
2453,61
2454,91
2455,70
2456,86
2457,2
2458,9
2459,2
2460,55
2461,23
2462,44
2463,60
2464,21
2465,31
2466,57
2467,95
2468,54
2469,67
2470,56
2471,85
2472,69
2473,51
2474,16
2475,75
2476,33
2477,50
2478,24
2479,65
2480,17
2481,14
2482,71
2483,56
2484,58
2485,37
2486,22
2487,3
2488,36
2489,27
2490,81
2491,18
2492,8
2493,2
2494,100
2495,72
2496,74
2497,12
2498,32
2499,44
2500,24
2501,5
2502,62
2503,49
2504,34
2505,55
2506,92
2507,1
2508,68
2509,33
2510,59
2511,59
2512,6
2513,4
2514,99
2515,49
2516,60
2517,53
2518,16
2519,40
2520,7
2521,90
2522,50
2523,24
2524,10
2525,79
2526,98
2527,2
2528,48
2529,92
2530,91
2531,40
2532,71
2533,49
2534,55
2535,48
2536,62
2537,74
2538,41
2539,30
2540,25
2541,47
2542,27
2543,39
2544,35
2545,22
2546,18
2547,13
2548,98
2549,80
2550,69
2551,52
2552,50
2553,75
2554,78
2555,84
2556,35
2557,60
2558,63
2559,85
2560,18
2561,75
2562,27
2563,80
2564,55
2565,42
2566,64
2567,72
2568,8
2569,31
2570,21
2571,72
2572,92
2573,9
2574,96
2575,11
2576,65
2577,86
2578,12
2579,61
2580,24
2581,54
2582,29
2583,28
2584,70
2585,66
2586,26
2587,88
2588,56
2589,43
2590,10
2591,31
2592,55
2593,54
2594,1
2595,83
2596,77
2597,28
2598,87
2599,7
2600,83
2601,57
2602,35
2603,30
2604,54
2605,18
2606,33
2607,54
2608,74
2609,82
2610,46
2611,22
2612,89
2613,56
2614,63
2615,1
2616,9
2617,91
2618,70
2619,59
2620,95
2621,98
2622,98
2623,67
2624,83
2625,36
2626,67
2627,75
2628,22
2629,18
2630,14
2631,51
2632,55
2633,68
2634,25
2635,48
2636,62
2637,55
2638,76
2639,68
2640,85
2641,2
2642,77
2643,35
2644,76
2645,32
2646,83
2647,21
2648,46
2649,33
2650,5
2651,49
2652,32
2653,29
2654,72
2655,57
2656,15
2657,12
2658,9
2659,4
2660,15
2661,66
2662,37
2663,19
2664,98
2665,40
2666,53
2667,39
2668,20
2669,90
2670,77
2671,57
2672,5
2673,87
2674,77
2675,26
2676,51
2677,51
2678,6
2679,19
2680,78
2681,87
2682,16
2683,74
2684,59
2685,50
2686,69
2687,44
2688,84
2689,41
2690,82
2691,93
2692,7
2693,80
2694,13
2695,37
2696,64
2697,82
2698,61
2699,99
2700,70
2701,40
2702,54
2703,92
2704,71
2705,57
2706,94
2707,16
2708,52
2709,79
2710,74
2711,47
2712,60
2713,39
2714,10
2715,58
2716,24
2717,97
2718,32
2719,68
2720,53
2721,78
2722,90
2723,54
2724,46
2725,69
2726,34
2727,49
2728,41
2729,95
2730,61
2731,10
2732,62
2733,68
2734,43
2735,32
2736,66
2737,5
2738,6
2739,18
2740,90
2741,77
2742,67
2743,33
2744,26
2745,72
2746,8
2747,42
2748,64
2749,38
2750,85
2751,83
2752,26
2753,4
2754,46
2755,67
2756,55
2757,31
2758,67
2759,26
2760,54
2761,55
2762,98
2763,30
2764,84
2765,77
2766,2
2767,73
2768,14
2769,70
2770,69
2771,49
2772,44
2773,28
2774,44
2775,98
2776,56
2777,75
2778,27
2779,62
2780,63
2781,35
2782,34
2783,52
2784,42
2785,49
2786,72
2787,76
2788,4
2789,9
2790,9
2791,8
2792,47
2793,9
2794,36
2795,24
2796,40
2797,75
2798,28
2799,81
2800,29
2801,31
2802,57
2803,63
2804,20
2805,44
2806,2
2807,79
2808,28
2809,7
2810,61
2811,52
2812,13
2813,98
2814,57
2815,1
2816,91
2817,25
2818,36
2819,100
2820,84
2821,80
2822,53
2823,96
2824,88
2825,72
2826,90
2827,50
2828,58
2829,5
2830,98
2831,66
2832,40
2833,3
2834,68
2835,39
2836,88
2837,12
2838,24
2839,21
2840,81
2841,75
2842,69
2843,2
2844,34
2845,16
2846,32
2847,84
2848,27
2849,80
2850,3
2851,41
2852,39
2853,81
2854,18
2855,3
2856,16
2857,51
2858,74
2859,95
2860,87
2861,76
2862,28
2863,23
2864,9
2865,94
2866,8
2867,38
2868,10
2869,6
2870,52
2871,87
2872,44
2873,14
2874,22
2875,37
2876,70
2877,74
2878,71
2879,78
2880,43
2881,38
2882,80
2883,6
2884,83
2885,90
2886,15
2887,55
2888,86
2889,34
2890,52
2891,46
2892,92
2893,73
2894,29
2895,37
2896,85
2897,11
2898,97
2899,61
2900,54
2901,54
2902,10
2903,17
2904,16
2905,29
2906,9
2907,13
2908,81
2909,93
2910,83
2911,34
2912,51
2913,21
2914,54
2915,5
2916,89
2917,31
2918,94
2919,78
2920,68
2921,90
2922,15
2923,90
2924,1
2925,27
2926,48
2927,34
2928,70
2929,46
2930,96
2931,36
2932,86
2933,71
2934,22
2935,90
2936,43
2937,60
2938,80
2939,50
2940,19
2941,35
2942,34
2943,70
2944,69
2945,65
2946,95
2947,58
2948,74
2949,70
2950,51
2951,3
2952,74
2953,17
2954,24
2955,69
2956,44
2957,77
2958,78
2959,15
2960,98
2961,21
2962,76
2963,74
2964,9
2965,75
2966,40
2967,83
2968,100
2969,92
2970,62
2971,94
2972,14
2973,30
2974,76
2975,94
2976,59
2977,32
2978,80
2979,55
2980,95
2981,19
2982,64
2983,6
2984,86
2985,13
2986,93
2987,18
2988,24
2989,77
2990,53
2991,99
2992,19
2993,37
2994,66
2995,27
2996,43
2997,25
2998,22
2999,44
3000,61
3001,35
3002,14
3003,5
3004,59
3005,50
3006,83
3007,35
3008,21
3009,98
3010,4
3011,62
3012,54
3013,78
3014,97
3015,33
3016,97
3017,34
3018,70
3019,27
3020,87
3021,79
3022,62
3023,52
3024,22
3025,6
3026,35
3027,94
3028,63
3029,56
3030,62
3031,17
3032,25
3033,39
3034,53
3035,99
3036,54
3037,10
3038,52
3039,43
3040,43
3041,64
3042,2
3043,89
3044,82
3045,85
3046,70
3047,68
3048,45
3049,86
3050,72
3051,66
3052,2
3053,13
3054,51
3055,69
3056,44
3057,10
3058,86
3059,5
3060,69
3061,7
3062,36
3063,40
3064,22
3065,4
3066,63
3067,44
3068,73
3069,27
3070,95
3071,76
3072,48
3073,84
3074,76
3075,19
3076,66
3077,77
3078,1
3079,89
3080,59
3081,69
3082,70
3083,12
3084,57
3085,74
3086,25
3087,99
3088,16
3089,96
3090,50
3091,86
3092,33
3093,71
3094,98
3095,100
3096,17
3097,34
3098,3
3099,67
3100,74
3101,53
3102,2
3103,47
3104,16
3105,25
3106,95
3107,75
3108,84
3109,3
3110,79
3111,50
3112,71
3113,22
3114,66
3115,91
3116,62
3117,6
3118,65
3119,62
3120,41
3121,3
3122,72
3123,95
3124,7
3125,34
3126,25
3127,94
3128,25
3129,90
3130,76
3131,16
3132,48
3133,76
3134,9
3135,99
3136,83
3137,61
3138,47
3139,93
3140,37
3141,15
3142,11
3143,72
3144,55
3145,95
3146,92
3147,74
3148,66
3149,67
3150,19
3151,7
3152,92
3153,46
3154,1
3155,49
3156,38
3157,98
3158,89
3159,77
3160,12
3161,31
3162,1
3163,5
3164,35
3165,97
3166,83
3167,56
3168,50
3169,74
3170,42
3171,15
3172,63
3173,54
3174,86
3175,65
3176,20
3177,55
3178,79
3179,31
3180,57
3181,82
3182,54
3183,69
3184,29
3185,45
3186,64
3187,4
3188,71
3189,18
3190,49
3191,33
3192,29
3193,79
3194,87
3195,38
3196,90
3197,34
3198,82
3199,73
3200,89
3201,14
3202,83
3203,65
3204,47
3205,38
3206,75
3207,100
3208,76
3209,67
3210,22
3211,90
3212,88
3213,96
3214,36
3215,79
3216,78
3217,64
3218,60
3219,43
3220,23
3221,96
3222,79
3223,4
3224,23
3225,37
3226,22
3227,88
3228,54
3229,44
3230,12
3231,25
3232,39
3233,1
3234,53
3235,36
3236,90
3237,16
3238,31
3239,17
3240,44
3241,95
3242,62
3243,52
3244,57
3245,3
3246,68
3247,10
3248,15
3249,74
3250,9
3251,94
3252,48
3253,80
3254,87
3255,13
3256,17
3257,10
3258,46
3259,71
3260,25
3261,93
3262,90
3263,73
3264,68
3265,32
3266,18
3267,64
3268,30
3269,92
3270,46
3271,97
3272,90
3273,2
3274,24
3275,78
3276,34
3277,93
3278,76
3279,67
3280,74
3281,79
3282,87
3283,52
3284,66
3285,80
3286,64
3287,91
3288,37
3289,42
3290,26
3291,59
3292,19
3293,72
3294,70
3295,89
3296,6
3297,59
3298,39
3299,41
3300,24
3301,30
3302,66
3303,10
3304,27
3305,36
3306,66
3307,70
3308,69
3309,23
3310,22
3311,75
3312,69
3313,7
3314,76
3315,13
3316,10
3317,90
3318,84
3319,19
3320,18
3321,11
3322,39
3323,14
3324,68
3325,10
3326,23
3327,20
3328,30
3329,58
3330,74
3331,85
3332,98
3333,53
3334,25
3335,48
3336,24
3337,98
3338,59
3339,79
3340,83
3341,88
3342,21
3343,95
3344,6
3345,95
3346,64
3347,84
3348,21
3349,31
3350,70
3351,29
3352,33
3353,21
3354,63
3355,36
3356,1
3357,91
3358,89
3359,79
3360,83
3361,100
3362,41
3363,16
3364,88
3365,36
3366,97
3367,98
3368,25
3369,68
3370,44
3371,13
3372,56
3373,43
3374,8
3375,9
3376,45
3377,85
3378,96
3379,47
3380,83
3381,54
3382,79
3383,49
3384,2
3385,68
3386,1
3387,35
3388,4
3389,77
3390,61
3391,64
3392,87
3393,65
3394,38
3395,10
3396,29
3397,57
3398,91
3399,13
3400,55
3401,25
3402,25
3403,32
3404,1
3405,52
3406,62
3407,76
3408,97
3409,64
3410,78
3411,52
3412,83
3413,33
3414,93
3415,4
3416,88
3417,42
3418,51
3419,4
3420,70
3421,28
3422,65
3423,75
3424,12
3425,37
3426,70
3427,18
3428,97
3429,99
3430,59
3431,25
3432,23
3433,57
3434,65
3435,85
3436,1
3437,83
3438,36
3439,67
3440,42
3441,64
3442,92
3443,91
3444,3
3445,53
3446,15
3447,12
3448,5
3449,100
3450,96
3451,31
3452,41
3453,81
3454,35
3455,90
3456,32
3457,84
3458,66
3459,77
3460,69
3461,33
3462,75
3463,2
3464,7
3465,78
3466,82
3467,17
3468,72
3469,88
3470,21
3471,87
3472,1
3473,84
3474,95
3475,30
3476,90
3477,7
3478,24
3479,62
3480,25
3481,92
3482,14
3483,30
3484,74
3485,8
3486,2
3487,61
3488,60
3489,44
3490,26
3491,60
3492,39
3493,77
3494,17
3495,56
3496,76
3497,58
3498,20
3499,43
3500,96
3501,31
3502,32
3503,82
3504,37
3505,60
3506,55
3507,36
3508,69
3509,98
3510,90
3511,5
3512,18
3513,40
3514,92
3515,71
3516,37
3517,70
3518,18
3519,17
3520,42
3521,64
3522,29
3523,84
3524,28
3525,66
3526,74
3527,75
3528,61
3529,100
3530,47
3531,49
3532,34
3533,43
3534,23
3535,90
3536,19
3537,10
3538,63
3539,24
3540,87
3541,35
3542,1
3543,86
3544,86
3545,31
3546,96
3547,25
3548,10
3549,30
3550,23
3551,42
3552,72
3553,14
3554,77
3555,44
3556,53
3557,38
3558,89
3559,67
3560,19
3561,78
3562,16
3563,48
3564,3
3565,36
3566,96
3567,80
3568,57
3569,28
3570,37
3571,46
3572,99
3573,27
3574,85
3575,79
3576,88
3577,24
3578,46
3579,50
3580,36
3581,21
3582,32
3583,72
3584,93
3585,95
3586,10
3587,83
3588,86
3589,28
3590,7
3591,7
3592,82
3593,59
3594,82
3595,69
3596,50
3597,43
3598,13
3599,20
3600,38
3601,76
3602,21
3603,27
3604,87
3605,59
3606,92
3607,63
3608,83
3609,52
3610,79
3611,43
3612,99
3613,22
3614,25
3615,93
3616,38
3617,1
3618,76
3619,48
3620,78
3621,67
3622,39
3623,51
3624,29
3625,61
3626,84
3627,72
3628,86
3629,46
3630,56
3631,13
3632,94
3633,54
3634,98
3635,9
3636,65
3637,11
3638,2
3639,80
3640,74
3641,77
3642,99
3643,64
3644,35
3645,62
3646,44
3647,54
3648,53
3649,22
3650,50
3651,4
3652,67
3653,19
3654,54
3655,37
3656,19
3657,61
3658,1
3659,14
3660,100
3661,96
3662,55
3663,62
3664,89
3665,59
3666,6
3667,91
3668,75
3669,48
3670,55
3671,24
3672,69
3673,10
3674,92
3675,31
3676,15
3677,89
3678,22
3679,38
3680,58
3681,33
3682,37
3683,8
3684,28
3685,1
3686,83
3687,16
3688,65
3689,36
3690,88
3691,77
3692,61
3693,82
3694,89
3695,9
3696,15
3697,63
3698,41
3699,56
3700,9
3701,12
3702,70
3703,37
3704,4
3705,86
3706,81
3707,53
3708,45
3709,84
3710,6
3711,98
3712,90
3713,19
3714,100
3715,74
3716,13
3717,97
3718,88
3719,2
3720,52
3721,8
3722,46
3723,49
3724,80
3725,23
3726,29
3727,54
3728,44
3729,30
3730,59
3731,32
3732,17
3733,37
3734,42
3735,19
3736,90
3737,61
3738,10
3739,22
3740,81
3741,95
3742,75
3743,25
3744,34
3745,84
3746,13
3747,35
3748,39
3749,39
3750,73
3751,11
3752,3
3753,71
3754,25
3755,40
3756,21
3757,70
3758,1
3759,65
3760,2
3761,63
3762,30
3763,60
3764,58
3765,9
3766,62
3767,50
3768,48
3769,82
3770,94
3771,77
3772,50
3773,49
3774,10
3775,83
3776,93
3777,86
3778,7
3779,89
3780,75
3781,95
3782,58
3783,8
3784,62
3785,76
3786,96
3787,89
3788,50
3789,23
3790,79
3791,82
3792,20
3793,26
3794,97
3795,99
3796,74
3797,77
3798,6
3799,7
3800,53
3801,53
3802,31
3803,28
3804,100
3805,36
3806,73
3807,82
3808,88
3809,63
3810,18
3811,11
3812,87
3813,39
3814,96
3815,77
3816,51
3817,48
3818,20
3819,49
3820,14
3821,3
3822,47
3823,40
3824,57
3825,83
3826,95
3827,75
3828,22
3829,96
3830,80
3831,98
3832,44
3833,95
3834,2
3835,64
3836,61
3837,84
3838,5
3839,34
3840,58
3841,62
3842,82
3843,33
3844,74
3845,85
3846,72
3847,8
3848,19
3849,2
3850,15
3851,42
3852,99
3853,85
3854,37
3855,72
3856,62
3857,34
3858,42
3859,93
3860,38
3861,85
3862,37
3863,92
3864,67
3865,30
3866,64
3867,7
3868,59
3869,71
3870,30
3871,43
3872,22
3873,89
3874,41
3875,21
3876,36
3877,40
3878,1
3879,32
3880,69
3881,23
3882,90
3883,34
3884,80
3885,70
3886,84
3887,18
3888,38
3889,44
3890,52
3891,79
3892,98
3893,18
3894,32
3895,43
3896,64
3897,51
3898,58
3899,29
3900,54
3901,21
3902,59
3903,71
3904,86
3905,65
3906,63
3907,91
3908,6
3909,1
3910,94
3911,99
3912,71
3913,23
3914,69
3915,56
3916,25
3917,70
3918,70
3919,84
3920,80
3921,33
3922,25
3923,55
3924,96
3925,58
3926,20
3927,64
3928,4
3929,39
3930,75
3931,70
3932,17
3933,75
3934,78
3935,54
3936,54
3937,5
3938,16
3939,98
3940,43
3941,74
3942,57
3943,78
3944,42
3945,9
3946,97
3947,3
3948,77
3949,15
3950,24
3951,76
3952,77
3953,6
3954,89
3955,52
3956,74
3957,93
3958,87
3959,87
3960,24
3961,40
3962,29
3963,8
3964,50
3965,83
3966,88
3967,63
3968,95
3969,17
3970,55
3971,57
3972,18
3973,97
3974,60
3975,21
3976,98
3977,11
3978,16
3979,72
3980,18
3981,33
3982,4
3983,46
3984,61
3985,29
3986,56
3987,14
3988,51
3989,53
3990,35
3991,65
3992,27
3993,11
3994,86
3995,69
3996,91
3997,19
3998,47
3999,82
4000,17
4001,70
4002,13
4003,1
4004,65
4005,54
4006,55
4007,24
4008,20
4009,25
4010,34
4011,100
4012,52
4013,4
4014,76
4015,58
4016,43
4017,42
4018,58
4019,53
4020,87
4021,68
4022,81
4023,14
4024,33
4025,74
4026,37
4027,78
4028,76
4029,89
4030,47
4031,76
4032,5
4033,84
4034,13
4035,41
4036,79
4037,90
4038,63
4039,12
4040,18
4041,55
4042,39
4043,9
4044,68
4045,19
4046,83
4047,95
4048,9
4049,50
4050,46
4051,1
4052,3
4053,38
4054,83
4055,96
4056,14
4057,59
4058,82
4059,88
4060,21
4061,95
4062,22
4063,42
4064,21
4065,43
4066,84
4067,70
4068,7
4069,40
4070,80
4071,54
4072,83
4073,96
4074,39
4075,57
4076,80
4077,78
4078,80
4079,33
4080,61
4081,28
4082,32
4083,56
4084,82
4085,11
4086,21
4087,72
4088,24
4089,71
4090,57
4091,6
4092,31
4093,57
4094,36
4095,35
4096,98
4097,85
4098,62
4099,77
4100,36
4101,49
4102,37
4103,35
4104,19
4105,43
4106,35
4107,10
4108,51
4109,73
4110,26
4111,11
4112,57
4113,40
4114,75
4115,98
4116,32
4117,18
4118,88
4119,24
4120,82
4121,100
4122,21
4123,79
4124,9
4125,92
4126,20
4127,91
4128,34
4129,42
4130,77
4131,68
4132,78
4133,55
4134,41
4135,72
4136,62
4137,71
4138,40
4139,30
4140,48
4141,22
4142,12
4143,76
4144,51
4145,64
4146,57
4147,100
4148,3
4149,94
4150,87
4151,52
4152,63
4153,68
4154,81
4155,97
4156,17
4157,93
4158,99
4159,23
4160,52
4161,22
4162,84
4163,85
4164,49
4165,53
4166,50
4167,44
4168,44
4169,39
4170,66
4171,69
4172,32
4173,83
4174,36
4175,95
4176,79
4177,7
4178,66
4179,51
4180,65
4181,10
4182,19
4183,53
4184,90
4185,25
4186,83
4187,97
4188,23
4189,59
4190,28
4191,82
4192,100
4193,15
4194,58
4195,16
4196,44
4197,26
4198,96
4199,43
4200,6
4201,24
4202,21
4203,19
4204,42
4205,5
4206,2
4207,76
4208,10
4209,34
4210,39
4211,91
4212,69
4213,69
4214,16
4215,14
4216,79
4217,24
4218,95
4219,57
4220,96
4221,52
4222,89
4223,75
4224,72
4225,100
4226,4
4227,68
4228,44
4229,31
4230,21
4231,62
4232,85
4233,83
4234,65
4235,69
4236,73
4237,1
4238,99
4239,12
4240,65
4241,86
4242,61
4243,26
4244,81
4245,89
4246,91
4247,86
4248,8
4249,18
4250,80
4251,81
4252,53
4253,44
4254,16
4255,28
4256,35
4257,63
4258,83
4259,87
4260,29
4261,16
4262,58
4263,17
4264,69
4265,23
4266,75
4267,55
4268,43
4269,66
4270,47
4271,65
4272,37
4273,77
4274,9
4275,1
4276,59
4277,8
4278,22
4279,58
4280,94
4281,51
4282,9
4283,20
4284,49
4285,2
4286,62
4287,52
4288,48
4289,28
4290,39
4291,70
4292,83
4293,63
4294,27
4295,26
4296,45
4297,94
4298,54
4299,96
4300,77
4301,44
4302,86
4303,58
4304,75
4305,60
4306,37
4307,59
4308,96
4309,87
4310,23
4311,62
4312,73
4313,29
4314,3
4315,79
4316,10
4317,37
4318,63
4319,9
4320,53
4321,64
4322,20
4323,21
4324,13
4325,61
4326,66
4327,68
4328,74
4329,60
4330,87
4331,53
4332,7
4333,23
4334,61
4335,100
4336,39
4337,25
4338,6
4339,34
4340,77
4341,64
4342,51
4343,64
4344,90
4345,69
4346,47
4347,25
4348,55
4349,74
4350,16
4351,57
4352,98
4353,91
4354,42
4355,42
4356,34
4357,76
4358,88
4359,72
4360,70
4361,59
4362,8
4363,19
4364,93
4365,52
4366,72
4367,85
4368,38
4369,76
4370,97
4371,43
4372,51
4373,91
4374,39
4375,11
4376,92
4377,21
4378,46
4379,21
4380,86
4381,70
4382,89
4383,4
4384,59
4385,34
4386,68
4387,15
4388,12
4389,73
4390,81
4391,44
4392,95
4393,2
4394,10
4395,95
4396,91
4397,2
4398,27
4399,49
4400,13
4401,44
4402,87
4403,75
4404,27
4405,89
4406,59
4407,49
4408,36
4409,85
4410,15
4411,25
4412,54
4413,47
4414,28
4415,87
4416,37
4417,90
4418,6
4419,97
4420,22
4421,7
4422,64
4423,25
4424,14
4425,5
4426,18
4427,6
4428,50
4429,32
4430,72
4431,3
4432,42
4433,15
4434,22
4435,77
4436,96
4437,5
4438,13
4439,31
4440,61
4441,79
4442,15
4443,12
4444,34
4445,36
4446,16
4447,21
4448,88
4449,86
4450,72
4451,25
4452,66
4453,54
4454,55
4455,35
4456,62
4457,79
4458,2
4459,72
4460,63
4461,25
4462,82
4463,8
4464,76
4465,38
4466,71
4467,82
4468,95
4469,39
4470,54
4471,43
4472,74
4473,29
4474,78
4475,55
4476,81
4477,39
4478,10
4479,90
4480,62
4481,33
4482,68
4483,86
4484,40
4485,60
4486,23
4487,34
4488,77
4489,56
4490,53
4491,58
4492,17
4493,98
4494,84
4495,87
4496,4
4497,27
4498,49
4499,69
4500,96
4501,65
4502,55
4503,98
4504,95
4505,53
4506,7
4507,44
4508,85
4509,3
4510,87
4511,90
4512,81
4513,9
4514,83
4515,22
4516,48
4517,36
4518,34
4519,92
4520,39
4521,37
4522,32
4523,67
4524,4
4525,84
4526,86
4527,1
4528,9
4529,11
4530,19
4531,4
4532,72
4533,32
4534,10
4535,2
4536,63
4537,94
4538,44
4539,24
4540,38
4541,99
4542,25
4543,10
4544,35
4545,32
4546,89
4547,21
4548,50
4549,92
4550,89
4551,4
4552,60
4553,96
4554,52
4555,19
4556,62
4557,91
4558,80
4559,27
4560,14
4561,47
4562,60
4563,80
4564,53
4565,1
4566,41
4567,54
4568,59
4569,58
4570,8
4571,33
4572,66
4573,97
4574,89
4575,45
4576,61
4577,3
4578,52
4579,17
4580,16
4581,82
4582,62
4583,59
4584,31
4585,100
4586,25
4587,27
4588,40
4589,50
4590,16
4591,69
4592,38
4593,54
4594,6
4595,83
4596,76
4597,57
4598,53
4599,90
4600,40
4601,38
4602,77
4603,39
4604,37
4605,76
4606,63
4607,18
4608,80
4609,86
4610,10
4611,88
4612,97
4613,74
4614,81
4615,42
4616,28
4617,72
4618,26
4619,85
4620,14
4621,61
4622,29
4623,82
4624,50
4625,13
4626,89
4627,61
4628,9
4629,84
4630,66
4631,35
4632,88
4633,17
4634,44
4635,51
4636,71
4637,72
4638,7
4639,54
4640,49
4641,10
4642,44
4643,60
4644,53
4645,43
4646,59
4647,73
4648,32
4649,95
4650,55
4651,35
4652,55
4653,2
4654,89
4655,68
4656,93
4657,16
4658,98
4659,25
4660,45
4661,7
4662,62
4663,100
4664,52
4665,39
4666,46
4667,48
4668,2
4669,1
4670,51
4671,12
4672,44
4673,78
4674,24
4675,3
4676,77
4677,92
4678,49
4679,63
4680,77
4681,69
4682,70
4683,7
4684,74
4685,39
4686,76
4687,4
4688,54
4689,76
4690,19
4691,22
4692,87
4693,75
4694,92
4695,96
4696,64
4697,90
4698,97
4699,69
4700,4
4701,24
4702,90
4703,65
4704,26
4705,96
4706,50
4707,77
4708,32
4709,1
4710,85
4711,82
4712,89
4713,26
4714,30
4715,64
4716,62
4717,72
4718,83
4719,23
4720,76
4721,63
4722,19
4723,92
4724,94
4725,49
4726,43
4727,35
4728,39
4729,72
4730,79
4731,31
4732,25
4733,40
4734,2
4735,32
4736,61
4737,28
4738,75
4739,44
4740,15
4741,48
4742,90
4743,35
4744,76
4745,13
4746,88
4747,29
4748,22
4749,8
4750,4
4751,12
4752,59
4753,78
4754,51
4755,51
4756,95
4757,81
4758,2
4759,58
4760,54
4761,100
4762,93
4763,84
4764,53
4765,19
4766,11
4767,31
4768,25
4769,6
4770,3
4771,54
4772,61
4773,67
4774,82
4775,55
4776,11
4777,27
4778,69
4779,61
4780,5
4781,99
4782,18
4783,84
4784,3
4785,68
4786,43
4787,34
4788,78
4789,47
4790,61
4791,63
4792,49
4793,60
4794,98
4795,41
4796,64
4797,91
4798,92
4799,29
4800,37
4801,11
4802,7
4803,51
4804,34
4805,15
4806,28
4807,28
4808,28
4809,82
4810,69
4811,6
4812,17
4813,65
4814,70
4815,87
4816,22
4817,72
4818,42
4819,95
4820,96
4821,74
4822,9
4823,8
4824,34
4825,76
4826,5
4827,94
4828,51
4829,39
4830,63
4831,12
4832,49
4833,42
4834,32
4835,21
4836,81
4837,100
4838,24
4839,16
4840,34
4841,2
4842,55
4843,58
4844,43
4845,86
4846,49
4847,38
4848,86
4849,81
4850,83
4851,82
4852,15
4853,83
4854,4
4855,88
4856,84
4857,12
4858,63
4859,27
4860,97
4861,24
4862,15
4863,5
4864,55
4865,100
4866,2
4867,43
4868,80
4869,50
4870,7
4871,62
4872,46
4873,37
4874,59
4875,90
4876,74
4877,23
4878,51
4879,30
4880,60
4881,29
4882,19
4883,80
4884,33
4885,47
4886,1
4887,96
4888,60
4889,45
4890,51
4891,37
4892,80
4893,10
4894,17
4895,32
4896,14
4897,71
4898,48
4899,16
4900,20
4901,22
4902,48
4903,40
4904,8
4905,82
4906,31
4907,80
4908,100
4909,43
4910,12
4911,44
4912,7
4913,57
4914,84
4915,98
4916,65
4917,70
4918,98
4919,23
4920,10
4921,16
4922,29
4923,20
4924,86
4925,73
4926,36
4927,85
4928,56
4929,69
4930,40
4931,69
4932,65
4933,43
4934,69
4935,34
4936,11
4937,19
4938,52
4939,21
4940,93
4941,59
4942,54
4943,81
4944,46
4945,70
4946,54
4947,25
4948,37
4949,86
4950,46
4951,29
4952,1
4953,74
4954,77
4955,38
4956,18
4957,59
4958,74
4959,55
4960,60
4961,32
4962,4
4963,80
4964,51
4965,49
4966,53
4967,25
4968,77
4969,24
4970,91
4971,13
4972,21
4973,82
4974,76
4975,90
4976,78
4977,62
4978,65
4979,99
4980,35
4981,61
4982,58
4983,27
4984,87
4985,6
4986,96
4987,92
4988,44
4989,34
4990,58
4991,36
4992,33
4993,84
4994,66
4995,91
4996,34
4997,83
4998,50
4999,75
5000,56
5001,62
5002,34
5003,98
5004,86
5005,58
5006,96
5007,61
5008,36
5009,62
5010,20
5011,95
5012,71
5013,27
5014,88
5015,27
5016,37
5017,45
5018,13
5019,68
5020,64
5021,51
5022,27
5023,61
5024,74
5025,4
5026,28
5027,100
5028,48
5029,80
5030,91
5031,56
5032,55
5033,3
5034,34
5035,1
5036,69
5037,48
5038,61
5039,53
5040,44
5041,40
5042,49
5043,6
5044,74
5045,19
5046,2
5047,79
5048,19
5049,4
5050,97
5051,2
5052,54
5053,29
5054,13
5055,51
5056,21
5057,49
5058,15
5059,88
5060,69
5061,28
5062,43
5063,66
5064,60
5065,26
5066,28
5067,10
5068,36
5069,95
5070,21
5071,41
5072,91
5073,44
5074,18
5075,53
5076,42
5077,39
5078,78
5079,38
5080,75
5081,3
5082,96
5083,67
5084,82
5085,54
5086,68
5087,20
5088,52
5089,31
5090,89
5091,59
5092,2
5093,68
5094,72
5095,70
5096,5
5097,33
5098,14
5099,80
5100,65
5101,37
5102,1
5103,54
5104,20
5105,44
5106,61
5107,98
5108,21
5109,74
5110,29
5111,21
5112,69
5113,23
5114,14
5115,92
5116,100
5117,5
5118,96
5119,18
5120,49
5121,80
5122,17
5123,51
5124,70
5125,71
5126,7
5127,66
5128,50
5129,8
5130,27
5131,49
5132,95
5133,95
5134,19
5135,64
5136,67
5137,72
5138,89
5139,55
5140,58
5141,42
5142,48
5143,14
5144,97
5145,46
5146,84
5147,25
5148,36
5149,86
5150,36
5151,55
5152,76
5153,95
5154,63
5155,6
5156,75
5157,18
5158,1
5159,98
5160,94
5161,89
5162,1
5163,9
5164,21
5165,37
5166,67
5167,58
5168,88
5169,55
5170,34
5171,86
5172,46
5173,74
5174,74
5175,33
5176,44
5177,24
5178,14
5179,60
5180,87
5181,11
5182,38
5183,10
5184,28
5185,83
5186,72
5187,99
5188,83
5189,94
5190,32
5191,22
5192,68
5193,30
5194,96
5195,32
5196,64
5197,19
5198,43
5199,69
5200,98
5201,70
5202,96
5203,17
5204,7
5205,26
5206,3
5207,13
5208,9
5209,63
5210,92
5211,59
5212,75
5213,97
5214,46
5215,22
5216,8
5217,95
5218,36
5219,77
5220,23
5221,16
5222,1
5223,94
5224,64
5225,35
5226,20
5227,88
5228,31
5229,79
5230,54
5231,88
5232,9
5233,10
5234,84
5235,43
5236,3
5237,27
5238,11
5239,61
5240,19
5241,84
5242,77
5243,86
5244,81
5245,57
5246,49
5247,83
5248,38
5249,60
5250,75
5251,89
5252,16
5253,13
5254,54
5255,24
5256,42
5257,69
5258,23
5259,38
5260,50
5261,29
5262,46
5263,100
5264,98
5265,32
5266,44
5267,68
5268,33
5269,22
5270,98
5271,18
5272,68
5273,28
5274,49
5275,85
5276,47
5277,39
5278,51
5279,17
5280,88
5281,65
5282,86
5283,31
5284,1
5285,33
5286,7
5287,57
5288,48
5289,82
5290,17
5291,15
5292,29
5293,90
5294,86
5295,96
5296,73
5297,18
5298,58
5299,72
5300,81
5301,97
5302,65
5303,86
5304,62
5305,34
5306,80
5307,20
5308,58
5309,34
5310,60
5311,75
5312,94
5313,57
5314,27
5315,3
5316,88
5317,91
5318,46
5319,17
5320,89
5321,41
5322,92
5323,35
5324,84
5325,47
5326,53
5327,76
5328,21
5329,84
5330,66
5331,66
5332,63
5333,78
5334,34
5335,14
5336,35
5337,82
5338,35
5339,87
5340,32
5341,64
5342,88
5343,69
5344,53
5345,30
5346,30
5347,70
5348,7
5349,90
5350,64
5351,95
5352,56
5353,82
5354,19
5355,77
5356,31
5357,75
5358,74
5359,72
5360,92
5361,96
5362,42
5363,72
5364,4
5365,6
5366,2
5367,56
5368,27
5369,93
5370,52
5371,72
5372,24
5373,49
5374,9
5375,63
5376,8
5377,45
5378,17
5379,88
5380,82
5381,31
5382,99
5383,7
5384,60
5385,33
5386,7
5387,64
5388,72
5389,94
5390,2
5391,68
5392,58
5393,37
5394,86
5395,90
5396,14
5397,49
5398,70
5399,30
5400,95
5401,39
5402,76
5403,97
5404,59
5405,77
5406,37
5407,92
5408,22
5409,74
5410,50
5411,87
5412,80
5413,92
5414,28
5415,44
5416,13
5417,95
5418,79
5419,26
5420,32
5421,88
5422,54
5423,54
5424,34
5425,57
5426,36
5427,69
5428,55
5429,87
5430,55
5431,100
5432,23
5433,82
5434,96
5435,13
5436,3
5437,85
5438,64
5439,83
5440,95
5441,64
5442,100
5443,14
5444,94
5445,21
5446,71
5447,42
5448,12
5449,83
5450,80
5451,44
5452,18
5453,68
5454,13
5455,99
5456,90
5457,37
5458,65
5459,15
5460,66
5461,22
5462,31
5463,11
5464,70
5465,43
5466,60
5467,19
5468,7
5469,29
5470,28
5471,84
5472,35
5473,62
5474,53
5475,79
5476,68
5477,15
5478,72
5479,82
5480,95
5481,74
5482,35
5483,17
5484,25
5485,14
5486,98
5487,82
5488,30
5489,98
5490,54
5491,49
5492,72
5493,63
5494,54
5495,65
5496,1
5497,54
5498,36
5499,78
5500,100
5501,87
5502,93
5503,19
5504,46
5505,27
5506,87
5507,9
5508,38
5509,76
5510,100
5511,54
5512,34
5513,62
5514,53
5515,28
5516,22
5517,98
5518,89
5519,68
5520,55
5521,64
5522,1
5523,88
5524,82
5525,11
5526,20
5527,32
5528,25
5529,34
5530,90
5531,86
5532,47
5533,10
5534,46
5535,21
5536,72
5537,96
5538,28
5539,82
5540,19
5541,50
5542,63
5543,67
5544,32
5545,73
5546,91
5547,4
5548,90
5549,49
5550,87
5551,44
5552,62
5553,13
5554,62
5555,3
5556,63
5557,96
5558,75
5559,58
5560,75
5561,94
5562,73
5563,9
5564,38
5565,73
5566,84
5567,61
5568,89
5569,75
5570,86
5571,99
5572,23
5573,2
5574,57
5575,54
5576,68
5577,29
5578,65
5579,88
5580,100
5581,83
5582,83
5583,31
5584,53
5585,57
5586,36
5587,65
5588,58
5589,63
5590,1
5591,25
5592,69
5593,69
5594,80
5595,24
5596,32
5597,28
5598,31
5599,43
5600,28
5601,98
5602,39
5603,37
5604,57
5605,91
5606,80
5607,1
5608,43
5609,29
5610,80
5611,38
5612,16
5613,25
5614,12
5615,95
5616,65
5617,16
5618,25
5619,92
5620,91
5621,100
5622,21
5623,61
5624,35
5625,76
5626,20
5627,11
5628,15
5629,25
5630,38
5631,67
5632,66
5633,3
5634,22
5635,73
5636,83
5637,67
5638,68
5639,96
5640,96
5641,25
5642,72
5643,23
5644,75
5645,26
5646,99
5647,67
5648,64
5649,7
5650,82
5651,37
5652,61
5653,76
5654,79
5655,92
5656,53
5657,59
5658,86
5659,35
5660,30
5661,27
5662,70
5663,28
5664,93
5665,6
5666,94
5667,49
5668,52
5669,82
5670,16
5671,53
5672,4
5673,69
5674,86
5675,20
5676,54
5677,34
5678,24
5679,2
5680,79
5681,87
5682,71
5683,100
5684,23
5685,88
5686,63
5687,50
5688,88
5689,98
5690,58
5691,95
5692,29
5693,84
5694,27
5695,23
5696,19
5697,24
5698,70
5699,59
5700,31
5701,61
5702,48
5703,34
5704,85
5705,72
5706,71
5707,27
5708,100
5709,18
5710,6
5711,21
5712,4
5713,13
5714,74
5715,83
5716,98
5717,52
5718,4
5719,26
5720,28
5721,36
5722,73
5723,40
5724,79
5725,25
5726,62
5727,8
5728,38
5729,21
5730,65
5731,100
5732,3
5733,32
5734,51
5735,80
5736,43
5737,9
5738,10
5739,51
5740,26
5741,28
5742,22
5743,39
5744,29
5745,7
5746,56
5747,2
5748,65
5749,77
5750,77
5751,12
5752,1
5753,63
5754,86
5755,89
5756,37
5757,53
5758,81
5759,90
5760,54
5761,69
5762,28
5763,58
5764,93
5765,10
5766,23
5767,40
5768,54
5769,24
5770,13
5771,57
5772,46
5773,52
5774,99
5775,18
5776,91
5777,27
5778,66
5779,19
5780,76
5781,97
5782,26
5783,96
5784,4
5785,81
5786,36
5787,75
5788,31
5789,35
5790,69
5791,44
5792,17
5793,60
5794,15
5795,64
5796,65
5797,63
5798,39
5799,57
5800,21
5801,24
5802,17
5803,70
5804,28
5805,84
5806,18
5807,78
5808,49
5809,100
5810,72
5811,82
5812,62
5813,99
5814,12
5815,99
5816,41
5817,43
5818,70
5819,83
5820,83
5821,92
5822,92
5823,88
5824,28
5825,92
5826,89
5827,64
5828,44
5829,1
5830,58
5831,43
5832,46
5833,20
5834,18
5835,21
5836,22
5837,59
5838,13
5839,16
5840,70
5841,2
5842,66
5843,50
5844,92
5845,53
5846,29
5847,37
5848,54
5849,84
5850,6
5851,65
5852,55
5853,87
5854,39
5855,62
5856,91
5857,34
5858,77
5859,55
5860,95
5861,29
5862,51
5863,14
5864,67
5865,7
5866,74
5867,1
5868,10
5869,34
5870,62
5871,78
5872,25
5873,6
5874,11
5875,25
5876,68
5877,52
5878,30
5879,96
5880,30
5881,34
5882,22
5883,70
5884,68
5885,35
5886,65
5887,18
5888,51
5889,32
5890,37
5891,61
5892,44
5893,64
5894,54
5895,85
5896,74
5897,39
5898,9
5899,86
5900,50
5901,25
5902,91
5903,53
5904,98
5905,96
5906,15
5907,51
5908,32
5909,63
5910,97
5911,77
5912,56
5913,83
5914,14
5915,10
5916,13
5917,87
5918,24
5919,78
5920,41
5921,59
5922,54
5923,47
5924,29
5925,60
5926,43
5927,31
5928,58
5929,65
5930,2
5931,73
5932,1
5933,68
5934,92
5935,54
5936,53
5937,67
5938,95
5939,69
5940,78
5941,82
5942,98
5943,38
5944,28
5945,72
5946,33
5947,90
5948,42
5949,46
5950,48
5951,37
5952,25
5953,1
5954,49
5955,84
5956,52
5957,87
5958,61
5959,34
5960,32
5961,90
5962,78
5963,87
5964,28
5965,55
5966,59
5967,45
5968,21
5969,49
5970,2
5971,86
5972,57
5973,65
5974,35
5975,61
5976,17
5977,82
5978,84
5979,18
5980,38
5981,28
5982,10
5983,5
5984,50
5985,58
5986,15
5987,18
5988,87
5989,22
5990,67
5991,64
5992,22
5993,24
5994,93
5995,79
5996,72
5997,12
5998,34
5999,83
6000,20
6001,55
6002,83
6003,37
6004,82
6005,97
6006,53
6007,39
6008,34
6009,95
6010,98
6011,100
6012,18
6013,93
6014,29
6015,62
6016,55
6017,10
6018,56
6019,68
6020,97
6021,89
6022,87
6023,34
6024,78
6025,18
6026,21
6027,46
6028,76
6029,50
6030,66
6031,12
6032,35
6033,2
6034,19
6035,96
6036,47
6037,36
6038,1
6039,29
6040,48
6041,79
6042,31
6043,1
6044,86
6045,39
6046,74
6047,87
6048,49
6049,84
6050,88
6051,57
6052,68
6053,83
6054,56
6055,42
6056,24
6057,1
6058,52
6059,80
6060,2
6061,77
6062,69
6063,40
6064,14
6065,32
6066,37
6067,30
6068,54
6069,54
6070,38
6071,77
6072,69
6073,87
6074,8
6075,61
6076,49
6077,18
6078,27
6079,18
6080,74
6081,7
6082,92
6083,32
6084,85
6085,16
6086,92
6087,63
6088,10
6089,12
6090,26
6091,51
6092,96
6093,44
6094,43
6095,83
6096,90
6097,2
6098,15
6099,2
6100,68
6101,39
6102,87
6103,95
6104,18
6105,89
6106,64
6107,11
6108,55
6109,100
6110,21
6111,45
6112,62
6113,81
6114,14
6115,2
6116,23
6117,85
6118,72
6119,58
6120,28
6121,86
6122,74
6123,51
6124,23
6125,57
6126,61
6127,31
6128,26
6129,91
6130,88
6131,56
6132,43
6133,44
6134,81
6135,18
6136,52
6137,90
6138,70
6139,7
6140,71
6141,82
6142,24
6143,59
6144,92
6145,88
6146,88
6147,22
6148,25
6149,95
6150,24
6151,74
6152,16
6153,61
6154,68
6155,52
6156,40
6157,27
6158,40
6159,73
6160,7
6161,38
6162,85
6163,80
6164,13
6165,78
6166,69
6167,10
6168,91
6169,64
6170,34
6171,9
6172,43
6173,42
6174,36
6175,18
6176,69
6177,49
6178,61
6179,95
6180,79
6181,62
6182,71
6183,78
6184,1
6185,34
6186,91
6187,46
6188,77
6189,52
6190,83
6191,61
6192,36
6193,63
6194,39
6195,23
6196,25
6197,35
6198,79
6199,82
6200,28
6201,69
6202,35
6203,37
6204,51
6205,27
6206,74
6207,24
6208,49
6209,40
6210,92
6211,32
6212,19
6213,12
6214,76
6215,57
6216,61
6217,20
6218,29
6219,84
6220,68
6221,55
6222,26
6223,33
6224,15
6225,8
6226,77
6227,22
6228,35
6229,11
6230,79
6231,20
6232,69
6233,34
6234,17
6235,53
6236,78
6237,96
6238,46
6239,33
6240,39
6241,72
6242,25
6243,54
6244,82
6245,28
6246,45
6247,66
6248,1
6249,61
6250,13
6251,98
6252,65
6253,98
6254,34
6255,67
6256,84
6257,50
6258,14
6259,38
6260,19
6261,69
6262,12
6263,18
6264,70
6265,16
6266,50
6267,9
6268,70
6269,61
6270,43
6271,79
6272,75
6273,32
6274,63
6275,58
6276,22
6277,75
6278,30
6279,78
6280,52
6281,77
6282,78
6283,85
6284,55
6285,27
6286,1
6287,99
6288,95
6289,37
6290,62
6291,88
6292,59
6293,38
6294,53
6295,82
6296,27
6297,17
6298,21
6299,78
6300,86
6301,37
6302,93
6303,4
6304,61
6305,81
6306,16
6307,56
6308,32
6309,86
6310,91
6311,32
6312,59
6313,37
6314,95
6315,93
6316,82
6317,42
6318,5
6319,54
6320,1
6321,19
6322,42
6323,69
6324,49
6325,86
6326,97
6327,44
6328,10
6329,16
6330,35
6331,58
6332,49
6333,50
6334,89
6335,13
6336,9
6337,90
6338,65
6339,39
6340,31
6341,48
6342,16
6343,47
6344,25
6345,72
6346,6
6347,60
6348,44
6349,21
6350,74
6351,9
6352,2
6353,29
6354,25
6355,87
6356,68
6357,51
6358,10
6359,43
6360,21
6361,58
6362,18
6363,53
6364,92
6365,17
6366,68
6367,77
6368,54
6369,40
6370,44
6371,7
6372,36
6373,14
6374,40
6375,29
6376,89
6377,82
6378,77
6379,6
6380,80
6381,45
6382,1
6383,22
6384,3
6385,83
6386,33
6387,4
6388,71
6389,86
6390,67
6391,85
6392,62
6393,15
6394,75
6395,58
6396,97
6397,79
6398,64
6399,88
6400,24
6401,100
6402,48
6403,18
6404,28
6405,43
6406,62
6407,58
6408,26
6409,8
6410,94
6411,60
6412,44
6413,82
6414,3
6415,49
6416,60
6417,2
6418,72
6419,52
6420,82
6421,22
6422,50
6423,86
6424,8
6425,27
6426,32
6427,78
6428,36
6429,54
6430,50
6431,67
6432,52
6433,46
6434,24
6435,31
6436,8
6437,43
6438,22
6439,32
6440,91
6441,37
6442,1
6443,71
6444,93
6445,62
6446,35
6447,24
6448,95
6449,19
6450,93
6451,21
6452,76
6453,54
6454,88
6455,78
6456,8
6457,83
6458,61
6459,65
6460,20
6461,83
6462,55
6463,18
6464,31
6465,80
6466,47
6467,70
6468,4
6469,59
6470,34
6471,77
6472,7
6473,7
6474,27
6475,16
6476,84
6477,27
6478,54
6479,84
6480,95
6481,11
6482,3
6483,96
6484,29
6485,62
6486,98
6487,89
6488,97
6489,84
6490,68
6491,29
6492,61
6493,6
6494,77
6495,57
6496,79
6497,84
6498,61
6499,98
6500,100
6501,54
6502,69
6503,89
6504,18
6505,46
6506,24
6507,47
6508,76
6509,17
6510,23
6511,32
6512,89
6513,100
6514,26
6515,99
6516,5
6517,83
6518,33
6519,73
6520,22
6521,76
6522,12
6523,72
6524,41
6525,63
6526,70
6527,10
6528,37
6529,13
6530,33
6531,42
6532,77
6533,28
6534,32
6535,53
6536,36
6537,65
6538,92
6539,80
6540,9
6541,81
6542,80
6543,31
6544,55
6545,23
6546,54
6547,76
6548,11
6549,18
6550,19
6551,5
6552,57
6553,19
6554,75
6555,9
6556,18
6557,84
6558,84
6559,4
6560,49
6561,21
6562,58
6563,68
6564,67
6565,48
6566,85
6567,3
6568,44
6569,35
6570,24
6571,38
6572,39
6573,66
6574,56
6575,80
6576,68
6577,91
6578,45
6579,96
6580,66
6581,79
6582,59
6583,95
6584,14
6585,1
6586,99
6587,88
6588,64
6589,76
6590,72
6591,43
6592,57
6593,71
6594,90
6595,40
6596,54
6597,1
6598,42
6599,97
6600,21
6601,54
6602,63
6603,64
6604,17
6605,63
6606,61
6607,96
6608,91
6609,67
6610,7
6611,96
6612,34
6613,61
6614,22
6615,41
6616,76
6617,37
6618,44
6619,56
6620,22
6621,70
6622,21
6623,37
6624,55
6625,20
6626,16
6627,69
6628,19
6629,4
6630,25
6631,50
6632,92
6633,26
6634,76
6635,28
6636,36
6637,93
6638,10
6639,68
6640,72
6641,87
6642,36
6643,15
6644,30
6645,49
6646,1
6647,53
6648,80
6649,79
6650,53
6651,74
6652,2
6653,81
6654,99
6655,84
6656,78
6657,65
6658,15
6659,30
6660,64
6661,83
6662,15
6663,29
6664,12
6665,86
6666,50
6667,93
6668,60
6669,24
6670,85
6671,53
6672,88
6673,19
6674,48
6675,27
6676,88
6677,23
6678,13
6679,4
6680,89
6681,43
6682,54
6683,73
6684,19
6685,22
6686,62
6687,43
6688,59
6689,20
6690,33
6691,88
6692,67
6693,77
6694,74
6695,82
6696,62
6697,23
6698,72
6699,18
6700,79
6701,16
6702,77
6703,72
6704,18
6705,5
6706,54
6707,1
6708,22
6709,49
6710,4
6711,52
6712,82
6713,31
6714,70
6715,46
6716,83
6717,97
6718,76
6719,5
6720,81
6721,35
6722,84
6723,58
6724,64
6725,10
6726,99
6727,98
6728,69
6729,74
6730,83
6731,91
6732,31
6733,22
6734,49
6735,44
6736,74
6737,55
6738,2
6739,64
6740,53
6741,25
6742,39
6743,42
6744,36
6745,91
6746,13
6747,68
6748,30
6749,98
6750,94
6751,11
6752,19
6753,95
6754,45
6755,45
6756,40
6757,86
6758,37
6759,30
6760,7
6761,26
6762,44
6763,6
6764,57
6765,87
6766,45
6767,70
6768,30
6769,16
6770,67
6771,1
6772,21
6773,42
6774,90
6775,55
6776,67
6777,43
6778,59
6779,48
6780,58
6781,63
6782,66
6783,71
6784,85
6785,53
6786,83
6787,24
6788,52
6789,62
6790,9
6791,59
6792,94
6793,28
6794,79
6795,46
6796,96
6797,8
6798,63
6799,36
6800,57
6801,28
6802,85
6803,70
6804,12
6805,39
6806,51
6807,34
6808,58
6809,35
6810,22
6811,46
6812,27
6813,60
6814,22
6815,53
6816,54
6817,19
6818,1
6819,19
6820,54
6821,10
6822,44
6823,24
6824,59
6825,89
6826,56
6827,39
6828,95
6829,13
6830,14
6831,76
6832,88
6833,37
6834,26
6835,3
6836,93
6837,57
6838,83
6839,33
6840,28
6841,23
6842,99
6843,2
6844,7
6845,71
6846,74
6847,35
6848,24
6849,58
6850,58
6851,97
6852,29
6853,35
6854,28
6855,8
6856,94
6857,11
6858,42
6859,84
6860,13
6861,38
6862,38
6863,89
6864,97
6865,36
6866,18
6867,36
6868,67
6869,68
6870,44
6871,73
6872,44
6873,62
6874,59
6875,57
6876,88
6877,7
6878,99
6879,89
6880,69
6881,76
6882,75
6883,34
6884,67
6885,59
6886,48
6887,96
6888,17
6889,65
6890,52
6891,96
6892,74
6893,52
6894,93
6895,72
6896,4
6897,26
6898,50
6899,99
6900,29
6901,38
6902,32
6903,56
6904,10
6905,43
6906,28
6907,14
6908,5
6909,79
6910,22
6911,58
6912,91
6913,49
6914,78
6915,48
6916,100
6917,90
6918,26
6919,70
6920,83
6921,41
6922,75
6923,61
6924,47
6925,88
6926,1
6927,9
6928,20
6929,53
6930,100
6931,72
6932,70
6933,96
6934,41
6935,65
6936,34
6937,69
6938,22
6939,24
6940,80
6941,95
6942,71
6943,6
6944,62
6945,96
6946,84
6947,44
6948,52
6949,21
6950,89
6951,7
6952,89
6953,36
6954,87
6955,81
6956,80
6957,86
6958,54
6959,85
6960,75
6961,14
6962,56
6963,68
6964,32
6965,72
6966,96
6967,92
6968,76
6969,97
6970,51
6971,53
6972,49
6973,18
6974,80
6975,19
6976,77
6977,21
6978,62
6979,50
6980,55
6981,27
6982,54
6983,12
6984,28
6985,77
6986,86
6987,11
6988,25
6989,63
6990,52
6991,85
6992,7
6993,59
6994,37
6995,42
6996,80
6997,95
6998,20
6999,74
7000,65
7001,74
7002,80
7003,16
7004,64
7005,48
7006,19
7007,15
7008,99
7009,48
7010,85
7011,8
7012,44
7013,34
7014,4
7015,44
7016,97
7017,7
7018,95
7019,37
7020,7
7021,84
7022,86
7023,32
7024,38
7025,90
7026,17
7027,72
7028,91
7029,95
7030,96
7031,49
7032,61
7033,1
7034,64
7035,96
7036,46
7037,25
7038,51
7039,78
7040,83
7041,63
7042,54
7043,42
7044,12
7045,90
7046,79
7047,35
7048,70
7049,72
7050,50
7051,40
7052,59
7053,4
7054,46
7055,36
7056,67
7057,85
7058,18
7059,79
7060,7
7061,42
7062,49
7063,24
7064,91
7065,6
7066,26
7067,44
7068,43
7069,9
7070,59
7071,46
7072,62
7073,69
7074,19
7075,66
7076,95
7077,15
7078,37
7079,33
7080,79
7081,67
7082,76
7083,98
7084,89
7085,76
7086,68
7087,88
7088,56
7089,45
7090,39
7091,61
7092,22
7093,69
7094,14
7095,86
7096,2
7097,33
7098,57
7099,8
7100,34
7101,4
7102,6
7103,49
7104,9
7105,61
7106,6
7107,72
7108,82
7109,10
7110,62
7111,31
7112,76
7113,63
7114,70
7115,77
7116,96
7117,50
7118,87
7119,55
7120,26
7121,38
7122,94
7123,5
7124,42
7125,48
7126,32
7127,61
7128,67
7129,52
7130,25
7131,98
7132,50
7133,95
7134,58
7135,93
7136,71
7137,23
7138,92
7139,37
7140,83
7141,83
7142,54
7143,81
7144,66
7145,89
7146,90
7147,34
7148,13
7149,35
7150,70
7151,16
7152,87
7153,22
7154,86
7155,71
7156,3
7157,44
7158,72
7159,25
7160,77
7161,56
7162,13
7163,80
7164,68
7165,19
7166,44
7167,60
7168,68
7169,99
7170,22
7171,10
7172,65
7173,91
7174,20
7175,86
7176,22
7177,64
7178,42
7179,43
7180,26
7181,62
7182,7
7183,8
7184,47
7185,33
7186,30
7187,29
7188,80
7189,39
7190,41
7191,71
7192,2
7193,69
7194,75
7195,28
7196,25
7197,88
7198,3
7199,99
7200,10
7201,92
7202,69
7203,21
7204,76
7205,87
7206,63
7207,70
7208,19
7209,12
7210,62
7211,98
7212,55
7213,81
7214,5
7215,6
7216,61
7217,22
7218,46
7219,10
7220,53
7221,31
7222,64
7223,94
7224,94
7225,100
7226,82
7227,70
7228,55
7229,65
7230,79
7231,75
7232,75
7233,95
7234,30
7235,73
7236,8
7237,42
7238,44
7239,53
7240,35
7241,95
7242,48
7243,62
7244,3
7245,69
7246,83
7247,39
7248,82
7249,100
7250,6
7251,65
7252,36
7253,56
7254,51
7255,46
7256,90
7257,77
7258,95
7259,66
7260,91
7261,39
7262,25
7263,34
7264,24
7265,60
7266,38
7267,86
7268,11
7269,37
7270,25
7271,5
7272,43
7273,1
7274,54
7275,28
7276,22
7277,17
7278,27
7279,10
7280,82
7281,92
7282,1
7283,49
7284,83
7285,67
7286,74
7287,58
7288,42
7289,68
7290,62
7291,33
7292,9
7293,29
7294,45
7295,34
7296,87
7297,31
7298,9
7299,32
7300,16
7301,65
7302,100
7303,56
7304,82
7305,39
7306,67
7307,65
7308,89
7309,44
7310,39
7311,79
7312,96
7313,93
7314,75
7315,45
7316,99
7317,52
7318,15
7319,59
7320,86
7321,51
7322,53
7323,98
7324,55
7325,74
7326,57
7327,99
7328,57
7329,61
7330,49
7331,27
7332,40
7333,81
7334,51
7335,84
7336,50
7337,29
7338,44
7339,10
7340,32
7341,30
7342,11
7343,6
7344,7
7345,84
7346,55
7347,50
7348,48
7349,55
7350,74
7351,67
7352,25
7353,30
7354,51
7355,95
7356,78
7357,53
7358,83
7359,88
7360,19
7361,71
7362,94
7363,29
7364,45
7365,57
7366,56
7367,41
7368,42
7369,95
7370,23
7371,62
7372,61
7373,84
7374,89
7375,42
7376,67
7377,69
7378,18
7379,89
7380,49
7381,97
7382,72
7383,49
7384,32
7385,14
7386,13
7387,6
7388,67
7389,54
7390,43
7391,38
7392,34
7393,85
7394,14
7395,19
7396,63
7397,61
7398,72
7399,31
7400,19
7401,81
7402,88
7403,93
7404,97
7405,55
7406,95
7407,16
7408,8
7409,2
7410,13
7411,31
7412,7
7413,99
7414,58
7415,3
7416,36
7417,42
7418,9
7419,48
7420,63
7421,52
7422,89
7423,72
7424,98
7425,19
7426,5
7427,87
7428,19
7429,70
7430,18
7431,18
7432,26
7433,63
7434,72
7435,4
7436,29
7437,27
7438,53
7439,28
7440,75
7441,1
7442,51
7443,35
7444,34
7445,67
7446,59
7447,94
7448,28
7449,85
7450,98
7451,92
7452,80
7453,16
7454,72
7455,78
7456,49
7457,52
7458,34
7459,83
7460,37
7461,66
7462,50
7463,62
7464,40
7465,21
7466,54
7467,64
7468,86
7469,22
7470,60
7471,9
7472,25
7473,32
7474,98
7475,13
7476,11
7477,14
7478,86
7479,25
7480,30
7481,9
7482,96
7483,33
7484,67
7485,74
7486,64
7487,70
7488,69
7489,79
7490,17
7491,64
7492,91
7493,57
7494,36
7495,82
7496,83
7497,89
7498,73
7499,36
7500,11
7501,15
7502,52
7503,4
7504,75
7505,70
7506,92
7507,54
7508,77
7509,93
7510,61
7511,65
7512,9
7513,72
7514,4
7515,95
7516,42
7517,48
7518,78
7519,15
7520,99
7521,11
7522,86
7523,74
7524,35
7525,33
7526,17
7527,80
7528,47
7529,21
7530,96
7531,32
7532,100
7533,43
7534,55
7535,72
7536,16
7537,37
7538,56
7539,39
7540,12
7541,83
7542,68
7543,17
7544,61
7545,1
7546,68
7547,12
7548,10
7549,65
7550,95
7551,60
7552,51
7553,8
7554,96
7555,28
7556,52
7557,50
7558,62
7559,18
7560,1
7561,53
7562,29
7563,66
7564,38
7565,19
7566,68
7567,98
7568,25
7569,6
7570,83
7571,97
7572,64
7573,34
7574,21
7575,64
7576,26
7577,91
7578,88
7579,82
7580,66
7581,39
7582,71
7583,22
7584,37
7585,64
7586,88
7587,19
7588,67
7589,22
7590,30
7591,60
7592,14
7593,24
7594,2
7595,42
7596,75
7597,69
7598,79
7599,31
7600,34
7601,43
7602,86
7603,37
7604,53
7605,71
7606,85
7607,83
7608,50
7609,97
7610,7
7611,64
7612,95
7613,92
7614,46
7615,98
7616,17
7617,55
7618,90
7619,63
7620,28
7621,67
7622,3
7623,54
7624,49
7625,4
7626,43
7627,65
7628,14
7629,69
7630,48
7631,16
7632,88
7633,45
7634,23
7635,9
7636,65
7637,45
7638,52
7639,61
7640,24
7641,49
7642,21
7643,74
7644,41
7645,51
7646,9
7647,34
7648,95
7649,40
7650,67
7651,16
7652,20
7653,80
7654,92
7655,94
7656,39
7657,60
7658,80
7659,55
7660,44
7661,96
7662,7
7663,57
7664,34
7665,27
7666,7
7667,54
7668,76
7669,1
7670,24
7671,64
7672,7
7673,69
7674,11
7675,19
7676,71
7677,77
7678,75
7679,93
7680,99
7681,18
7682,87
7683,29
7684,4
7685,99
7686,57
7687,25
7688,58
7689,44
7690,31
7691,49
7692,77
7693,36
7694,31
7695,13
7696,53
7697,76
7698,43
7699,2
7700,85
7701,69
7702,57
7703,8
7704,32
7705,54
7706,25
7707,35
7708,17
7709,9
7710,29
7711,80
7712,96
7713,12
7714,15
7715,72
7716,53
7717,14
7718,43
7719,59
7720,98
7721,49
7722,90
7723,48
7724,37
7725,72
7726,15
7727,5
7728,57
7729,60
7730,95
7731,16
7732,48
7733,93
7734,4
7735,1
7736,49
7737,34
7738,35
7739,54
7740,43
7741,24
7742,40
7743,77
7744,88
7745,76
7746,23
7747,46
7748,41
7749,100
7750,44
7751,2
7752,40
7753,91
7754,77
7755,37
7756,11
7757,47
7758,45
7759,2
7760,67
7761,78
7762,69
7763,40
7764,20
7765,7
7766,81
7767,9
7768,76
7769,63
7770,19
7771,57
7772,13
7773,43
7774,64
7775,62
7776,55
7777,65
7778,83
7779,21
7780,54
7781,91
7782,90
7783,34
7784,86
7785,53
7786,28
7787,82
7788,82
7789,61
7790,18
7791,76
7792,24
7793,27
7794,92
7795,10
7796,42
7797,35
7798,50
7799,1
7800,1
7801,25
7802,84
7803,89
7804,17
7805,86
7806,27
7807,85
7808,80
7809,82
7810,61
7811,54
7812,2
7813,21
7814,26
7815,9
7816,32
7817,87
7818,33
7819,91
7820,72
7821,48
7822,56
7823,67
7824,50
7825,99
7826,52
7827,95
7828,99
7829,88
7830,12
7831,97
7832,60
7833,98
7834,57
7835,28
7836,32
7837,18
7838,56
7839,83
7840,23
7841,11
7842,63
7843,76
7844,59
7845,87
7846,73
7847,55
7848,27
7849,40
7850,19
7851,64
7852,60
7853,81
7854,22
7855,35
7856,79
7857,41
7858,28
7859,42
7860,84
7861,70
7862,100
7863,61
7864,68
7865,74
7866,33
7867,70
7868,95
7869,86
7870,67
7871,69
7872,69
7873,43
7874,79
7875,44
7876,95
7877,34
7878,63
7879,49
7880,35
7881,87
7882,29
7883,95
7884,79
7885,37
7886,90
7887,7
7888,61
7889,25
7890,65
7891,3
7892,21
7893,16
7894,100
7895,32
7896,78
7897,9
7898,16
7899,28
7900,8
7901,10
7902,29
7903,57
7904,57
7905,2
7906,54
7907,41
7908,58
7909,92
7910,88
7911,60
7912,65
7913,89
7914,3
7915,99
7916,20
7917,4
7918,24
7919,24
7920,36
7921,88
7922,42
7923,90
7924,22
7925,45
7926,39
7927,15
7928,2
7929,93
7930,77
7931,83
7932,54
7933,65
7934,21
7935,25
7936,3
7937,92
7938,82
7939,47
7940,76
7941,61
7942,82
7943,69
7944,17
7945,62
7946,19
7947,19
7948,53
7949,44
7950,67
7951,46
7952,49
7953,63
7954,51
7955,64
7956,7
7957,37
7958,4
7959,51
7960,2
7961,88
7962,6
7963,42
7964,28
7965,97
7966,48
7967,10
7968,100
7969,3
7970,6
7971,50
7972,26
7973,96
7974,39
7975,71
7976,43
7977,100
7978,11
7979,84
7980,22
7981,62
7982,74
7983,13
7984,18
7985,96
7986,94
7987,89
7988,95
7989,5
7990,16
7991,52
7992,21
7993,98
7994,20
7995,72
7996,45
7997,61
7998,53
7999,57
8000,74
8001,33
8002,40
8003,17
8004,56
8005,62
8006,43
8007,31
8008,79
8009,95
8010,76
8011,85
8012,47
8013,14
8014,69
8015,88
8016,10
8017,83
8018,44
8019,18
8020,5
8021,65
8022,10
8023,38
8024,55
8025,90
8026,53
8027,24
8028,1
8029,69
8030,25
8031,63
8032,67
8033,58
8034,33
8035,42
8036,54
8037,32
8038,16
8039,55
8040,20
8041,45
8042,99
8043,49
8044,13
8045,26
8046,72
8047,29
8048,53
8049,27
8050,2
8051,57
8052,77
8053,31
8054,62
8055,68
8056,5
8057,88
8058,46
8059,98
8060,7
8061,89
8062,52
8063,33
8064,64
8065,4
8066,9
8067,2
8068,30
8069,97
8070,38
8071,63
8072,31
8073,37
8074,81
8075,60
8076,39
8077,50
8078,12
8079,60
8080,35
8081,24
8082,9
8083,70
8084,77
8085,14
8086,45
8087,70
8088,39
8089,74
8090,44
8091,21
8092,86
8093,36
8094,74
8095,23
8096,41
8097,48
8098,64
8099,100
8100,87
8101,8
8102,63
8103,44
8104,39
8105,92
8106,98
8107,54
8108,39
8109,82
8110,2
8111,76
8112,50
8113,83
8114,49
8115,16
8116,78
8117,73
8118,18
8119,26
8120,5
8121,31
8122,25
8123,12
8124,47
8125,24
8126,98
8127,20
8128,18
8129,80
8130,34
8131,41
8132,43
8133,96
8134,41
8135,13
8136,52
8137,94
8138,89
8139,71
8140,80
8141,86
8142,83
8143,27
8144,86
8145,14
8146,14
8147,73
8148,24
8149,66
8150,43
8151,76
8152,79
8153,73
8154,10
8155,71
8156,64
8157,78
8158,96
8159,1
8160,62
8161,88
8162,38
8163,34
8164,22
8165,39
8166,28
8167,33
8168,53
8169,4
8170,29
8171,46
8172,74
8173,21
8174,19
8175,83
8176,69
8177,94
8178,62
8179,26
8180,81
8181,42
8182,98
8183,72
8184,17
8185,73
8186,58
8187,59
8188,46
8189,29
8190,17
8191,20
8192,3
8193,39
8194,99
8195,15
8196,78
8197,51
8198,19
8199,92
8200,16
8201,16
8202,1
8203,16
8204,74
8205,18
8206,70
8207,97
8208,43
8209,73
8210,98
8211,74
8212,31
8213,92
8214,77
8215,86
8216,82
8217,72
8218,80
8219,98
8220,72
8221,58
8222,29
8223,60
8224,87
8225,46
8226,15
8227,8
8228,44
8229,98
8230,48
8231,51
8232,16
8233,81
8234,47
8235,40
8236,92
8237,96
8238,64
8239,89
8240,52
8241,96
8242,69
8243,21
8244,27
8245,2
8246,21
8247,67
8248,43
8249,34
8250,82
8251,29
8252,10
8253,23
8254,88
8255,63
8256,57
8257,76
8258,100
8259,21
8260,37
8261,68
8262,90
8263,53
8264,18
8265,39
8266,17
8267,8
8268,64
8269,77
8270,58
8271,45
8272,77
8273,68
8274,69
8275,24
8276,28
8277,46
8278,19
8279,30
8280,95
8281,51
8282,100
8283,54
8284,48
8285,92
8286,39
8287,78
8288,84
8289,14
8290,32
8291,33
8292,41
8293,31
8294,44
8295,93
8296,82
8297,54
8298,25
8299,6
8300,88
8301,41
8302,32
8303,66
8304,49
8305,47
8306,76
8307,16
8308,70
8309,53
8310,18
8311,63
8312,77
8313,69
8314,49
8315,36
8316,66
8317,79
8318,23
8319,35
8320,68
8321,89
8322,14
8323,68
8324,29
8325,77
8326,75
8327,67
8328,55
8329,24
8330,92
8331,100
8332,2
8333,98
8334,60
8335,44
8336,93
8337,88
8338,62
8339,63
8340,18
8341,54
8342,90
8343,40
8344,9
8345,37
8346,75
8347,9
8348,1
8349,96
8350,42
8351,24
8352,28
8353,53
8354,93
8355,64
8356,31
8357,96
8358,25
8359,50
8360,95
8361,44
8362,65
8363,98
8364,30
8365,7
8366,39
8367,1
8368,14
8369,52
8370,47
8371,57
8372,46
8373,78
8374,3
8375,58
8376,21
8377,29
8378,21
8379,71
8380,90
8381,59
8382,62
8383,15
8384,40
8385,41
8386,81
8387,95
8388,16
8389,85
8390,27
8391,91
8392,25
8393,66
8394,17
8395,38
8396,83
8397,97
8398,5
8399,72
8400,11
8401,61
8402,4
8403,60
8404,12
8405,58
8406,19
8407,29
8408,44
8409,43
8410,73
8411,99
8412,4
8413,49
8414,76
8415,62
8416,54
8417,76
8418,35
8419,26
8420,17
8421,79
8422,50
8423,46
8424,85
8425,22
8426,97
8427,20
8428,64
8429,21
8430,9
8431,54
8432,65
8433,33
8434,88
8435,84
8436,74
8437,36
8438,57
8439,18
8440,9
8441,3
8442,13
8443,2
8444,30
8445,63
8446,34
8447,92
8448,42
8449,92
8450,31
8451,70
8452,82
8453,10
8454,16
8455,98
8456,94
8457,59
8458,98
8459,53
8460,32
8461,80
8462,48
8463,50
8464,41
8465,55
8466,87
8467,67
8468,86
8469,8
8470,57
8471,72
8472,68
8473,96
8474,83
8475,88
8476,75
8477,21
8478,34
8479,71
8480,94
8481,51
8482,100
8483,18
8484,40
8485,10
8486,37
8487,91
8488,76
8489,90
8490,47
8491,8
8492,95
8493,38
8494,68
8495,1
8496,62
8497,34
8498,55
8499,53
8500,86
8501,52
8502,87
8503,89
8504,87
8505,24
8506,86
8507,18
8508,80
8509,65
8510,59
8511,70
8512,89
8513,64
8514,9
8515,95
8516,94
8517,97
8518,50
8519,27
8520,77
8521,10
8522,13
8523,56
8524,51
8525,54
8526,6
8527,71
8528,10
8529,82
8530,25
8531,36
8532,77
8533,3
8534,88
8535,25
8536,93
8537,48
8538,11
8539,78
8540,84
8541,96
8542,57
8543,34
8544,89
8545,41
8546,80
8547,71
8548,83
8549,18
8550,43
8551,54
8552,21
8553,60
8554,41
8555,83
8556,28
8557,33
8558,69
8559,18
8560,11
8561,69
8562,55
8563,91
8564,46
8565,58
8566,87
8567,43
8568,62
8569,86
8570,75
8571,46
8572,67
8573,9
8574,90
8575,31
8576,19
8577,15
8578,66
8579,99
8580,76
8581,29
8582,22
8583,35
8584,74
8585,12
8586,55
8587,7
8588,57
8589,15
8590,23
8591,4
8592,4
8593,49
8594,43
8595,99
8596,86
8597,85
8598,68
8599,47
8600,72
8601,55
8602,72
8603,80
8604,5
8605,60
8606,37
8607,94
8608,84
8609,92
8610,66
8611,68
8612,98
8613,40
8614,19
8615,84
8616,28
8617,56
8618,60
8619,51
8620,37
8621,75
8622,78
8623,58
8624,27
8625,93
8626,67
8627,71
8628,89
8629,22
8630,43
8631,81
8632,13
8633,8
8634,2
8635,61
8636,83
8637,3
8638,25
8639,29
8640,12
8641,22
8642,55
8643,74
8644,33
8645,90
8646,54
8647,14
8648,54
8649,6
8650,95
8651,46
8652,42
8653,45
8654,10
8655,26
8656,71
8657,38
8658,66
8659,70
8660,59
8661,88
8662,27
8663,24
8664,10
8665,53
8666,62
8667,48
8668,69
8669,20
8670,85
8671,66
8672,49
8673,26
8674,42
8675,33
8676,87
8677,46
8678,29
8679,68
8680,22
8681,15
8682,39
8683,40
8684,63
8685,77
8686,76
8687,50
8688,44
8689,38
8690,20
8691,27
8692,77
8693,65
8694,96
8695,67
8696,91
8697,35
8698,24
8699,47
8700,100
8701,47
8702,55
8703,82
8704,92
8705,70
8706,58
8707,77
8708,26
8709,88
8710,19
8711,3
8712,62
8713,82
8714,98
8715,47
8716,46
8717,1
8718,8
8719,22
8720,83
8721,74
8722,94
8723,13
8724,48
8725,67
8726,29
8727,71
8728,63
8729,93
8730,1
8731,95
8732,30
8733,17
8734,78
8735,69
8736,76
8737,40
8738,10
8739,54
8740,91
8741,96
8742,41
8743,65
8744,63
8745,16
8746,19
8747,35
8748,9
8749,78
8750,62
8751,54
8752,31
8753,30
8754,70
8755,68
8756,72
8757,7
8758,52
8759,24
8760,46
8761,26
8762,73
8763,83
8764,87
8765,63
8766,35
8767,8
8768,60
8769,38
8770,61
8771,29
8772,95
8773,29
8774,83
8775,100
8776,67
8777,27
8778,9
8779,79
8780,25
8781,50
8782,14
8783,9
8784,64
8785,57
8786,57
8787,62
8788,86
8789,44
8790,100
8791,86
8792,94
8793,75
8794,38
8795,81
8796,25
8797,89
8798,59
8799,26
8800,58
8801,81
8802,43
8803,23
8804,32
8805,53
8806,49
8807,56
8808,30
8809,18
8810,100
8811,10
8812,58
8813,100
8814,44
8815,96
8816,32
8817,50
8818,24
8819,99
8820,92
8821,17
8822,93
8823,90
8824,55
8825,19
8826,83
8827,11
8828,88
8829,61
8830,21
8831,94
8832,27
8833,92
8834,32
8835,36
8836,42
8837,33
8838,24
8839,35
8840,50
8841,68
8842,48
8843,15
8844,31
8845,77
8846,70
8847,23
8848,34
8849,69
8850,52
8851,83
8852,43
8853,73
8854,52
8855,47
8856,89
8857,8
8858,98
8859,60
8860,3
8861,89
8862,74
8863,19
8864,63
8865,2
8866,98
8867,57
8868,19
8869,5
8870,13
8871,13
8872,7
8873,77
8874,14
8875,5
8876,1
8877,91
8878,17
8879,75
8880,56
8881,61
8882,3
8883,73
8884,54
8885,92
8886,44
8887,81
8888,52
8889,55
8890,3
8891,97
8892,36
8893,98
8894,96
8895,80
8896,18
8897,6
8898,50
8899,54
8900,74
8901,29
8902,46
8903,98
8904,77
8905,14
8906,98
8907,91
8908,83
8909,18
8910,64
8911,19
8912,39
8913,67
8914,55
8915,28
8916,60
8917,99
8918,32
8919,58
8920,81
8921,77
8922,6
8923,39
8924,38
8925,23
8926,32
8927,61
8928,55
8929,98
8930,31
8931,100
8932,92
8933,95
8934,1
8935,25
8936,74
8937,12
8938,99
8939,19
8940,95
8941,83
8942,11
8943,53
8944,21
8945,48
8946,14
8947,20
8948,70
8949,51
8950,68
8951,49
8952,45
8953,2
8954,62
8955,45
8956,3
8957,17
8958,94
8959,78
8960,95
8961,28
8962,83
8963,79
8964,96
8965,43
8966,7
8967,44
8968,79
8969,13
8970,54
8971,22
8972,37
8973,54
8974,89
8975,56
8976,59
8977,45
8978,1
8979,37
8980,57
8981,76
8982,58
8983,40
8984,84
8985,2
8986,44
8987,8
8988,64
8989,65
8990,31
8991,62
8992,90
8993,33
8994,50
8995,94
8996,88
8997,61
8998,99
8999,61
9000,61
9001,91
9002,58
9003,22
9004,68
9005,96
9006,32
9007,84
9008,32
9009,10
9010,3
9011,52
9012,20
9013,27
9014,52
9015,82
9016,2
9017,66
9018,16
9019,62
9020,39
9021,63
9022,29
9023,99
9024,100
9025,69
9026,55
9027,92
9028,6
9029,24
9030,52
9031,40
9032,95
9033,14
9034,25
9035,16
9036,89
9037,29
9038,83
9039,24
9040,54
9041,35
9042,51
9043,34
9044,17
9045,83
9046,62
9047,25
9048,40
9049,92
9050,12
9051,64
9052,74
9053,77
9054,72
9055,48
9056,52
9057,29
9058,21
9059,61
9060,9
9061,82
9062,45
9063,73
9064,83
9065,87
9066,86
9067,27
9068,42
9069,8
9070,49
9071,64
9072,9
9073,75
9074,76
9075,1
9076,12
9077,59
9078,4
9079,70
9080,60
9081,74
9082,67
9083,67
9084,54
9085,60
9086,53
9087,88
9088,93
9089,84
9090,37
9091,3
9092,19
9093,43
9094,89
9095,15
9096,100
9097,91
9098,33
9099,18
9100,79
9101,8
9102,24
9103,11
9104,37
9105,27
9106,94
9107,6
9108,29
9109,11
9110,82
9111,82
9112,71
9113,80
9114,94
9115,94
9116,99
9117,10
9118,90
9119,98
9120,37
9121,22
9122,39
9123,91
9124,86
9125,54
9126,56
9127,18
9128,10
9129,44
9130,96
9131,28
9132,45
9133,33
9134,90
9135,75
9136,14
9137,14
9138,64
9139,43
9140,44
9141,77
9142,66
9143,60
9144,30
9145,34
9146,96
9147,84
9148,32
9149,94
9150,79
9151,81
9152,55
9153,77
9154,63
9155,21
9156,31
9157,77
9158,86
9159,20
9160,39
9161,53
9162,75
9163,24
9164,46
9165,15
9166,25
9167,63
9168,100
9169,68
9170,79
9171,82
9172,57
9173,49
9174,46
9175,6
9176,53
9177,100
9178,62
9179,58
9180,88
9181,61
9182,4
9183,89
9184,83
9185,12
9186,27
9187,69
9188,92
9189,98
9190,85
9191,28
9192,32
9193,72
9194,47
9195,1
9196,3
9197,9
9198,55
9199,74
9200,65
9201,31
9202,7
9203,37
9204,28
9205,23
9206,44
9207,95
9208,27
9209,61
9210,82
9211,11
9212,1
9213,52
9214,47
9215,34
9216,34
9217,39
9218,21
9219,37
9220,16
9221,29
9222,79
9223,59
9224,39
9225,21
9226,57
9227,69
9228,77
9229,28
9230,13
9231,89
9232,69
9233,25
9234,22
9235,11
9236,99
9237,34
9238,24
9239,83
9240,57
9241,58
9242,100
9243,53
9244,72
9245,89
9246,37
9247,62
9248,95
9249,61
9250,58
9251,5
9252,12
9253,87
9254,47
9255,18
9256,49
9257,10
9258,73
9259,47
9260,30
9261,12
9262,55
9263,89
9264,90
9265,50
9266,3
9267,16
9268,2
9269,60
9270,39
9271,70
9272,17
9273,83
9274,11
9275,96
9276,93
9277,86
9278,13
9279,59
9280,59
9281,20
9282,75
9283,94
9284,28
9285,29
9286,42
9287,88
9288,5
9289,32
9290,100
9291,84
9292,14
9293,92
9294,84
9295,96
9296,65
9297,63
9298,74
9299,83
9300,70
9301,19
9302,22
9303,30
9304,17
9305,78
9306,99
9307,8
9308,55
9309,1
9310,87
9311,85
9312,37
9313,21
9314,57
9315,50
9316,64
9317,20
9318,55
9319,69
9320,88
9321,53
9322,47
9323,82
9324,89
9325,4
9326,76
9327,100
9328,76
9329,92
9330,94
9331,78
9332,81
9333,54
9334,73
9335,86
9336,68
9337,46
9338,83
9339,49
9340,44
9341,43
9342,10
9343,51
9344,42
9345,18
9346,15
9347,77
9348,89
9349,31
9350,91
9351,3
9352,81
9353,58
9354,92
9355,25
9356,91
9357,32
9358,9
9359,54
9360,38
9361,72
9362,98
9363,24
9364,7
9365,61
9366,2
9367,89
9368,89
9369,59
9370,95
9371,87
9372,40
9373,51
9374,29
9375,44
9376,93
9377,64
9378,98
9379,54
9380,81
9381,41
9382,13
9383,80
9384,83
9385,69
9386,28
9387,77
9388,69
9389,80
9390,52
9391,97
9392,50
9393,19
9394,4
9395,84
9396,58
9397,74
9398,91
9399,89
9400,28
9401,78
9402,54
9403,89
9404,81
9405,6
9406,59
9407,26
9408,61
9409,2
9410,22
9411,37
9412,53
9413,29
9414,91
9415,73
9416,48
9417,13
9418,78
9419,50
9420,13
9421,57
9422,22
9423,71
9424,25
9425,97
9426,21
9427,66
9428,54
9429,82
9430,15
9431,53
9432,12
9433,35
9434,59
9435,58
9436,32
9437,80
9438,83
9439,9
9440,98
9441,72
9442,50
9443,29
9444,76
9445,99
9446,4
9447,61
9448,58
9449,66
9450,62
9451,89
9452,24
9453,90
9454,48
9455,70
9456,60
9457,66
9458,53
9459,22
9460,19
9461,79
9462,67
9463,45
9464,12
9465,84
9466,49
9467,64
9468,5
9469,31
9470,94
9471,7
9472,41
9473,77
9474,44
9475,40
9476,55
9477,68
9478,95
9479,74
9480,26
9481,36
9482,38
9483,77
9484,69
9485,59
9486,75
9487,16
9488,56
9489,6
9490,88
9491,14
9492,85
9493,86
9494,84
9495,17
9496,57
9497,41
9498,25
9499,39
9500,11
9501,30
9502,65
9503,50
9504,89
9505,27
9506,45
9507,75
9508,66
9509,97
9510,74
9511,49
9512,26
9513,22
9514,70
9515,13
9516,83
9517,79
9518,29
9519,45
9520,43
9521,46
9522,43
9523,54
9524,44
9525,52
9526,12
9527,32
9528,99
9529,77
9530,81
9531,30
9532,90
9533,53
9534,15
9535,86
9536,82
9537,97
9538,69
9539,9
9540,24
9541,67
9542,17
9543,49
9544,47
9545,84
9546,58
9547,25
9548,63
9549,41
9550,57
9551,68
9552,25
9553,42
9554,23
9555,60
9556,42
9557,38
9558,50
9559,49
9560,18
9561,67
9562,19
9563,100
9564,88
9565,95
9566,12
9567,96
9568,3
9569,1
9570,57
9571,69
9572,6
9573,30
9574,53
9575,59
9576,68
9577,13
9578,64
9579,96
9580,93
9581,14
9582,73
9583,44
9584,69
9585,24
9586,80
9587,67
9588,47
9589,92
9590,70
9591,82
9592,30
9593,62
9594,59
9595,44
9596,33
9597,98
9598,85
9599,8
9600,70
9601,14
9602,12
9603,6
9604,54
9605,30
9606,44
9607,67
9608,8
9609,71
9610,26
9611,6
9612,13
9613,12
9614,24
9615,18
9616,65
9617,51
9618,31
9619,71
9620,64
9621,70
9622,93
9623,31
9624,69
9625,56
9626,44
9627,13
9628,5
9629,20
9630,41
9631,25
9632,89
9633,75
9634,61
9635,37
9636,17
9637,35
9638,68
9639,22
9640,34
9641,79
9642,27
9643,79
9644,88
9645,80
9646,17
9647,47
9648,64
9649,84
9650,54
9651,57
9652,65
9653,92
9654,7
9655,30
9656,54
9657,97
9658,90
9659,98
9660,2
9661,87
9662,80
9663,19
9664,9
9665,72
9666,86
9667,24
9668,80
9669,68
9670,61
9671,52
9672,40
9673,97
9674,28
9675,93
9676,84
9677,42
9678,53
9679,96
9680,31
9681,36
9682,8
9683,1
9684,74
9685,100
9686,33
9687,23
9688,95
9689,34
9690,11
9691,21
9692,43
9693,58
9694,100
9695,62
9696,29
9697,79
9698,38
9699,85
9700,60
9701,55
9702,38
9703,76
9704,70
9705,28
9706,52
9707,71
9708,8
9709,61
9710,12
9711,1
9712,75
9713,48
9714,39
9715,59
9716,59
9717,60
9718,69
9719,57
9720,24
9721,89
9722,63
9723,22
9724,45
9725,65
9726,85
9727,97
9728,60
9729,64
9730,83
9731,55
9732,84
9733,77
9734,37
9735,30
9736,41
9737,20
9738,31
9739,2
9740,92
9741,9
9742,91
9743,14
9744,59
9745,26
9746,77
9747,55
9748,87
9749,72
9750,44
9751,30
9752,53
9753,72
9754,84
9755,39
9756,23
9757,100
9758,9
9759,18
9760,62
9761,1
9762,86
9763,44
9764,3
9765,52
9766,95
9767,77
9768,58
9769,92
9770,36
9771,32
9772,61
9773,10
9774,98
9775,52
9776,96
9777,15
9778,82
9779,94
9780,80
9781,86
9782,83
9783,68
9784,80
9785,51
9786,4
9787,76
9788,34
9789,26
9790,88
9791,12
9792,29
9793,26
9794,64
9795,25
9796,25
9797,46
9798,63
9799,24
9800,1
9801,21
9802,2
9803,99
9804,49
9805,39
9806,20
9807,91
9808,2
9809,97
9810,15
9811,84
9812,25
9813,94
9814,90
9815,36
9816,26
9817,18
9818,56
9819,32
9820,30
9821,3
9822,89
9823,57
9824,39
9825,34
9826,2
9827,60
9828,24
9829,70
9830,19
9831,16
9832,19
9833,44
9834,10
9835,90
9836,48
9837,18
9838,50
9839,68
9840,32
9841,88
9842,10
9843,64
9844,60
9845,3
9846,5
9847,6
9848,75
9849,8
9850,77
9851,1
9852,13
9853,58
9854,69
9855,67
9856,56
9857,95
9858,31
9859,72
9860,55
9861,2
9862,35
9863,33
9864,66
9865,72
9866,52
9867,71
9868,62
9869,62
9870,28
9871,61
9872,25
9873,36
9874,89
9875,35
9876,23
9877,33
9878,69
9879,4
9880,38
9881,24
9882,76
9883,18
9884,43
9885,83
9886,53
9887,95
9888,86
9889,75
9890,87
9891,81
9892,53
9893,10
9894,42
9895,36
9896,63
9897,40
9898,41
9899,41
9900,78
9901,100
9902,74
9903,12
9904,64
9905,84
9906,85
9907,61
9908,62
9909,54
9910,61
9911,83
9912,15
9913,36
9914,77
9915,60
9916,95
9917,23
9918,11
9919,7
9920,31
9921,49
9922,88
9923,22
9924,73
9925,77
9926,75
9927,3
9928,47
9929,24
9930,13
9931,63
9932,55
9933,95
9934,33
9935,32
9936,36
9937,87
9938,35
9939,71
9940,92
9941,24
9942,23
9943,65
9944,70
9945,6
9946,32
9947,28
9948,68
9949,14
9950,48
9951,9
9952,28
9953,81
9954,70
9955,84
9956,96
9957,20
9958,25
9959,93
9960,35
9961,66
9962,18
9963,11
9964,88
9965,21
9966,96
9967,4
9968,43
9969,30
9970,80
9971,27
9972,74
9973,75
9974,18
9975,18
9976,24
9977,73
9978,78
9979,46
9980,84
9981,15
9982,81
9983,46
9984,67
9985,32
9986,54
9987,89
9988,78
9989,1
9990,72
9991,60
9992,22
9993,69
9994,48
9995,44
9996,72
9997,59
9998,25
9999,98
10000,90
